player_name;position;squad;age;born_year;match_played;minutes_played;minutes_per_match;first_eleven;90_mins_complated;points_per_match;yellow_card;red_card;second_yellow_card;fouls_committed;fouls_drawn;offsides;crosses;interceptions;tackles_won;own_goals;goals;assists;shots;shots_on_target;penalty_goals;penalty_attempts
Rayane Aabid;MF;Hatayspor;28;1992;39;3241;83.0;39;18;1.54;6;0;0;21;33;0;131;33;22;0;3;4;29;10;0;0
Yusuf Abdioğlu;DF;Hatayspor;30;1989;21;1668;79.0;19;16;1.32;7;0;0;22;22;0;3;39;18;0;0;0;3;1;0;0
Vincent Aboubakar;FW;Beşiktaş;28;1992;26;2124;82.0;25;13;2.12;0;0;0;14;29;19;13;4;3;0;15;5;79;35;4;4
Afriyie Acquah;MF;Yeni Malatyaspor;28;1992;33;2457;74.0;30;15;1.18;9;0;0;55;37;1;13;44;24;0;2;0;26;7;0;0
Luka Adžić;MF;Ankaragücü;21;1998;11;397;36.0;4;0;0.55;2;0;0;13;2;3;23;4;3;0;0;0;8;5;0;0
Benik Afobe;FW;Trabzonspor;27;1993;28;1022;37.0;10;4;1.86;1;0;0;27;13;13;8;3;5;0;5;0;21;7;0;0
Cenk Ahmet Alkılıç;MF.DF;Erzurum BB;32;1987;29;21;72.0;27;8;1.07;5;0;0;33;43;2;96;19;15;0;3;4;22;9;0;0
Serhat Ahmetoğlu;DF.MF;Fatih Karagümrük;18;2002;8;487;61.0;5;2;1.38;3;0;0;10;2;0;7;10;1;0;0;1;4;1;0;0
Ismaïl Aissati;MF;Denizlispor;31;1988;13;981;75.0;11;6;0.92;0;0;0;6;5;0;36;8;6;0;0;0;6;3;0;0
Emre Akbaba;MF;Galatasaray;27;1992;27;1398;52.0;18;2;2.22;2;0;0;18;21;5;53;7;13;0;5;2;46;22;0;1
Mustafa Akbaş;DF;Gençlerbirliği;30;1990;6;285;48.0;5;2;2.33;0;0;0;1;3;0;1;3;3;0;0;0;1;0;0;0
Halil Akbunar;MF;Göztepe;26;1993;40;3349;84.0;39;20;1.28;3;0;0;38;41;10;135;23;33;0;9;10;49;21;0;0
Murat Akça;DF;Yeni Malalyaspor;30;1990;4;280;70.0;3;2;1.0;0;0;0;4;10;0;1;3;4;0;0;0;2;1;0;0
Babajide Akintola;MF;Hatayspor;24;1996;35;2916;83.0;34;18;1.51;9;0;0;58;44;28;50;17;28;1;6;7;61;24;2;2
Joseph Akomadi;MF;Hatayspor;20;1999;2;20;10.0;0;0;2.0;0;0;0;0;0;0;0;0;0;0;0;0;0;0;0;0
Fatih Aksoy;DF.MF;Alanyaspor;22;1997;25;162;65.0;18;15;1.68;1;0;0;20;12;0;8;20;14;2;1;1;11;3;0;0
Aksel Aktas;MF;Fatih Karagümrük;21;1999;9;440;49.0;4;3;1.67;0;0;0;9;11;0;14;7;8;0;0;1;9;4;0;0
Kerem Aktürkoğlu;MF;Galatasaray;21;1998;27;860;32.0;6;1;2.3;1;0;0;6;16;3;12;15;9;0;6;2;30;15;1;1
Ufuk Akyol;MF;Antalyaspor;22;1997;15;615;41.0;6;2;0.53;3;1;1;15;6;1;14;5;6;0;0;0;4;1;0;0
Eren Albayrak;DF.MF;Antalyaspor;29;1991;33;2207;67.0;23;20;1.27;3;0;0;24;36;2;85;30;24;1;1;2;6;2;0;0
Mücahit Albayrak;DF;Erzurum BB;29;1991;7;249;36.0;2;1;0.29;0;0;0;3;0;0;2;4;4;0;0;0;0;0;0;0
Danijel Aleksić;MF;Başakşehir;29;1991;31;1827;59.0;21;8;1.39;6;0;0;35;28;5;54;20;19;0;6;2;56;16;1;1
Hasan Ali Kaldırım;DF;Başakşehir;30;1989;23;1796;78.0;21;15;0.87;3;0;0;9;11;3;77;27;13;0;0;1;9;2;0;0
Mehmet Ali Ulaman;MF;Denizlispor;17;2003;1;45;45.0;0;0;0.0;0;0;0;2;1;1;1;0;0;0;0;0;0;0;0;0
Denis Alibec;FW.MF;Kayserispor;29;1991;15;667;44.0;8;2;1.13;3;0;0;9;13;1;3;4;3;0;2;1;16;6;0;1
Kerim Alıcı;DF;Göztepe;23;1997;5;316;63.0;4;3;1.6;2;0;0;6;2;2;1;8;4;0;0;0;1;1;0;0
Koray Altınay;DF.MF;Fatih Karagümrük;28;1991;25;1394;56.0;16;10;1.72;7;0;0;23;28;4;22;26;20;0;0;2;5;2;0;0
Sami Altıparmak;FW;Gençlerbirliği;19;2001;15;224;15.0;1;0;0.73;0;1;0;3;3;1;0;0;2;0;0;0;2;0;0;0
Amilton;MF;Antalyaspor;30;1989;35;28;80.0;33;14;1.11;7;1;0;52;60;18;59;32;33;0;5;4;27;12;0;0
André;FW;Gaziantep FK;29;1990;19;589;31.0;4;1;1.16;1;0;0;7;13;3;2;4;3;0;2;0;14;7;0;0
Diego Ângelo;DF;Gençlerbirliği;34;1986;25;1768;71.0;21;15;0.8;2;0;0;10;10;1;7;41;26;0;3;1;15;5;0;0
Marin Aničić;DF;Konyaspor;30;1989;2;121;61.0;2;0;0.5;0;0;0;0;0;0;0;3;2;0;0;0;1;0;0;0
Taylan Antalyalı;MF;Galatasaray;25;1995;34;2688;79.0;30;23;2.32;8;0;0;43;46;0;10;63;34;0;1;2;21;8;0;0
Aaron Appindangoyé;DF;Sivasspor;28;1992;13;1147;88.0;13;12;1.15;3;0;0;14;7;0;0;17;4;0;0;0;8;4;0;0
Hakan Arslan;MF;Sivasspor;32;1988;36;3061;85.0;35;32;1.67;6;2;1;31;50;3;6;28;37;0;7;2;57;19;0;0
Ömürcan Artan;DF;Gençlerbirliği;21;1999;10;614;61.0;7;4;1.0;4;0;0;9;6;2;20;16;5;0;0;1;0;0;0;0
Vato Arveladze;MF;Fatih Karagümrük;22;1998;16;293;18.0;2;0;2.0;4;0;0;12;7;0;4;3;7;0;0;0;4;1;0;0
Serkan Asan;DF;Trabzonspor;21;1999;28;2146;77.0;25;19;1.64;2;1;0;27;36;0;44;58;28;1;1;2;2;1;0;0
Kerem Atakan Kesgin;MF;Sivasspor;19;2000;3;35;12.0;0;0;1.33;0;0;0;2;2;0;0;2;0;0;0;0;0;0;0;0
Daniel Avramovski;MF;Kayserispor;25;1995;24;1916;80.0;24;6;1.29;4;0;0;28;23;0;80;27;24;0;2;3;26;10;0;0
Selim Ay;DF;Rizespor;29;1991;19;1586;83.0;18;16;1.4;3;0;0;18;14;0;8;21;19;0;0;0;3;0;0;0
Mirkan Aydın;FW;Hatayspor;33;1987;8;87;11.0;0;0;1.38;0;0;0;2;2;2;0;0;0;0;1;0;4;3;0;0
Soner Aydoğdu;MF;Göztepe;29;1991;39;3191;82.0;38;19;1.31;5;0;0;47;21;2;68;32;28;0;4;5;53;17;0;0
Ender Aygören;MF;Ankaragücü;20;2000;3;125;42.0;2;0;2.33;2;0;0;4;2;0;2;0;0;0;0;0;1;0;0;0
Floyd Ayité;MF.FW;Gençlerbirliği;31;1988;30;1569;52.0;17;3;0.93;7;1;1;34;27;6;19;22;9;0;3;1;40;13;0;0
Sakıb Aytaç;DF;Denizlispor;28;1991;17;1294;76.0;15;6;0.47;4;0;0;7;6;0;23;20;12;0;1;1;2;1;0;0
Embiya Ayyıldız;FW;Ankaragücü;20;2000;5;78;16.0;1;0;0.2;1;0;0;1;0;0;0;0;0;0;0;0;3;0;0;0
Serdar Aziz;DF;Fenerbahçe;29;1990;27;2244;83.0;26;23;2.22;9;1;1;36;39;2;1;34;21;1;3;1;21;10;0;0
Abdul Aziz Tetteh;MF;Gaziantep FK;30;1990;1;8;8.0;0;0;3.0;0;0;0;0;0;0;0;0;0;0;0;0;0;0;0;0
Demba Ba;FW.MF;Başakşehir;35;1985;26;1681;65.0;17;9;1.0;1;0;0;18;24;6;2;3;2;0;5;1;64;18;0;1
Mahamadou Ba;MF;Erzurum BB;20;1999;1;1;1.0;0;0;3.0;0;0;0;0;0;0;0;0;0;0;0;0;1;0;0;0
Mame Baba Thiam;MF.FW;Fenerbahçe;27;1992;30;1469;49.0;19;1;2.0;2;0;0;33;17;12;12;9;13;0;6;2;44;19;0;0
Alperen Babacan;DF;Ankaragücü;23;1997;1;59;59.0;0;0;0.0;0;0;0;1;0;0;1;2;2;0;0;0;0;0;0;0
Khouma Babacar;FW.MF;Alanyaspor;27;1993;25;1606;64.0;21;3;1.64;7;1;1;44;18;8;17;5;7;0;8;1;64;23;2;2
Ryan Babel;MF.FW;Galatasaray;33;1986;32;1588;50.0;16;5;2.09;5;0;0;27;12;7;43;8;3;0;7;5;50;25;2;2
Aliou Badji;FW;Ankaragücü;22;1997;13;764;59.0;10;3;1.08;3;0;0;11;7;1;1;3;4;0;2;0;18;9;0;0
Fabrício Baiano;MF.DF;Rizespor;28;1992;28;1964;70.0;24;9;1.18;10;1;1;48;30;0;53;23;25;0;1;3;16;7;0;0
Marvin Bakalorz;MF;Denizlispor;30;1989;31;208;67.0;24;9;0.77;8;0;0;54;28;4;14;33;30;0;1;1;17;3;0;0
Lewis Baker;MF;Trabzonspor;25;1995;34;2655;78.0;29;23;1.79;7;0;0;35;17;0;100;34;16;0;2;3;37;12;0;0
Bünyamin Balcı;DF.MF;Antalyaspor;20;2000;35;3022;86.0;34;30;1.14;3;0;0;26;36;7;42;59;47;0;2;3;17;7;0;0
Jure Balkovec;DF;Fatih Karagümrük;25;1994;33;2894;88.0;33;28;1.55;6;0;0;16;33;1;159;39;38;0;2;4;21;9;0;0
Hélder Barbosa;MF;Hatayspor;33;1987;9;282;31.0;2;0;1.56;0;0;0;6;3;1;10;1;3;0;1;0;7;2;0;0
Abdülkerim Bardakcı;DF;Konyaspor;25;1994;37;3314;90.0;37;35;1.32;9;0;0;43;25;4;11;70;43;0;2;3;25;8;0;0
Adam Bareiro;FW;Alanyaspor;24;1996;37;1833;50.0;20;4;1.59;5;0;0;46;48;11;4;3;9;0;5;1;55;27;1;1
Yılmaz Basravi;FW;Göztepe;20;2000;1;10;10.0;0;0;0.0;0;0;0;0;0;0;0;0;0;0;0;0;0;0;0;0
Emrah Başsan;MF.FW;Erzurum BB;28;1992;38;2283;60.0;25;8;1.05;4;0;0;37;71;13;248;28;20;0;7;7;55;26;1;1
Gökdeniz Bayrakdar;MF.FW;Antalyaspor;18;2001;31;183;59.0;18;12;1.16;6;0;0;40;11;11;8;11;18;0;6;0;44;18;0;0
Emin Bayram;DF;Galatasaray;17;2003;2;24;12.0;0;0;1.5;0;0;0;0;0;0;0;0;0;0;0;0;0;0;0;0
Ömer Bayram;DF.MF;Galatasaray;29;1991;32;1353;42.0;13;7;2.22;4;0;0;18;22;4;144;16;11;0;0;2;14;5;0;0
Aziz Behich;DF;Kayserispor;29;1990;34;2976;88.0;33;28;1.0;8;0;0;13;34;1;61;40;25;0;0;2;13;1;0;0
Efkan Bekiroglu;MF;Alanyaspor;24;1995;23;801;35.0;7;1;1.35;2;0;0;6;7;3;7;3;7;0;2;1;27;7;0;0
Younès Belhanda;MF;Galatasaray;30;1990;22;1474;67.0;17;5;2.05;4;0;0;16;20;1;58;9;15;0;6;3;32;14;0;0
Ayman Ben Mohamed;DF;Denizlispor;25;1994;7;389;56.0;4;4;1.14;0;0;0;2;5;1;6;8;10;0;0;0;0;0;0;0
Rahmetullah Berişbek;MF.DF;Gençlerbirliği;21;1999;16;563;35.0;3;0;0.75;1;0;0;5;7;2;14;14;10;0;0;0;2;1;0;0
Andrea Bertolacci;MF;Fatih Karagümrük;29;1991;22;1611;73.0;19;7;1.59;5;0;0;46;44;0;10;20;16;0;2;3;19;5;0;0
Lucas Biglia;MF;Fatih Karagümrük;34;1986;35;2891;83.0;34;25;1.43;7;0;0;63;69;1;67;62;65;0;3;2;27;7;2;2
Jean-Claude Billong;DF;Hatayspor;26;1993;26;2009;77.0;23;20;1.77;4;1;1;18;9;0;0;20;19;1;0;0;5;0;0;0
Tayfur Bingöl;DF.MF;Alanyaspor;27;1993;26;1053;41.0;10;9;1.31;1;0;0;11;16;0;48;18;15;0;1;1;16;8;0;0
Efe Binici;MF;Göztepe;19;2001;4;24;6.0;0;0;1.75;1;0;0;4;0;0;0;0;0;0;0;0;1;0;0;0
Mame Biram Diouf;FW;Hatayspor;32;1987;38;3184;84.0;38;24;1.55;4;0;0;73;37;18;11;9;20;1;19;5;94;37;5;5
Kristijan Bistrović;MF;Kasımpaşa;22;1998;20;1446;72.0;16;12;1.2;5;0;0;22;18;0;31;24;15;0;0;4;27;6;0;0
André Biyogo Poko;MF;Göztepe;27;1993;2;62;31.0;1;0;0.5;1;0;0;3;1;0;0;0;1;0;0;0;0;0;0;0
Fernando Boldrin;MF.FW;Rizespor;31;1989;24;1911;80.0;22;10;1.29;7;1;1;22;43;4;95;7;8;0;6;2;50;22;1;2
Jonathan Bolingi;FW.MF;Ankaragücü;26;1994;14;1083;77.0;12;8;0.79;5;1;1;28;26;11;5;8;7;0;1;0;14;5;0;0
Boli Bolingoli-Mbombo;DF;Başakşehir;25;1995;12;823;69.0;10;3;2.0;3;0;0;17;3;1;19;17;12;0;0;0;3;1;0;0
Fabio Borini;MF.FW;Fatih Karagümrük;29;1991;20;1676;84.0;19;9;1.65;3;0;0;32;52;10;27;32;13;0;9;1;45;24;2;2
Petrus Boumal;MF;Erzurum BB;27;1993;31;2098;68.0;25;15;1.13;9;1;1;40;24;0;5;30;22;0;0;0;9;1;0;0
Aaron Boupendza;FW;Hatayspor;23;1996;36;25;69.0;25;16;1.42;7;0;0;58;50;25;35;21;21;0;22;1;111;54;2;2
Tomáš Břečka;DF;Kasımpaşa;26;1994;29;253;87.0;28;28;0.97;2;0;0;23;35;0;1;41;22;0;0;0;3;1;0;0
Onur Bulut;DF.MF;Rizespor;26;1994;18;927;52.0;9;6;0.89;0;0;0;14;14;0;32;15;20;0;0;0;11;2;0;0
Umut Bulut;FW.MF;Yeni Malatyaspor;37;1983;31;1762;57.0;20;7;1.19;2;0;0;14;18;4;11;2;12;0;2;1;24;6;0;0
Dženan Bureković;DF;Göztepe;25;1995;20;915;46.0;8;8;1.2;1;0;0;17;4;0;27;17;10;0;0;2;3;1;0;0
Bohdan Butko;DF;Erzurum BB;29;1991;10;708;71.0;7;6;0.7;1;0;0;7;4;1;14;14;6;0;0;0;0;0;0;0
Adem Büyük;MF.FW;Yeni Malatyaspor;32;1987;34;2882;85.0;34;16;1.18;10;0;0;61;114;7;39;25;40;0;17;3;75;32;9;10
Zymer Bytyqi;MF.FW;Konyaspor;23;1996;19;101;53.0;9;2;1.05;0;0;0;4;3;3;99;2;4;0;2;5;16;4;0;0
Torgeir Børven;FW.MF;Ankaragücü;28;1991;29;158;54.0;18;10;1.1;1;0;0;22;6;13;6;7;5;0;10;1;28;16;1;1
Musa Çağıran;MF;Konyaspor;27;1992;16;451;28.0;3;0;1.06;2;0;0;9;10;1;4;5;8;0;1;0;11;4;0;0
Rahman Çağıran;MF;Erzurum BB;25;1995;12;323;27.0;2;1;1.5;0;0;0;2;5;1;5;4;4;0;1;1;8;5;0;0
Oğulcan Çağlayan;MF.FW;Galatasaray;24;1996;18;842;47.0;10;2;1.89;1;0;0;20;5;7;24;8;9;0;4;1;25;11;0;0
Júnior Caiçara;DF;Başakşehir;31;1989;8;508;64.0;5;4;1.13;1;0;0;9;8;0;25;11;6;0;0;0;0;0;0;0
Samba Camara;DF;Sivasspor;27;1992;28;2098;75.0;23;22;1.64;2;0;0;17;13;1;0;31;16;0;0;0;5;3;0;0
Burak Çamoğlu;DF;Hatayspor;23;1996;17;640;38.0;7;5;1.47;0;0;0;8;14;0;22;10;11;0;0;0;2;1;0;0
Gustavo Campanharo;MF;Kayserispor;28;1992;24;1962;82.0;22;13;1.0;4;0;0;61;44;0;33;46;52;0;1;2;30;11;0;0
Mücahit Can Akçay;FW;Ankaragücü;22;1998;2;3;2.0;0;0;2.0;0;0;0;0;0;0;0;0;0;0;0;0;0;0;0;0
Faruk Can Genç;DF;Trabzonspor;20;2000;1;90;90.0;1;1;3.0;1;0;0;2;1;0;1;1;2;0;0;0;0;0;0;0
Görkem Can;DF;Denizlispor;20;2000;3;127;42.0;1;1;0.0;0;0;0;2;2;0;0;7;3;0;0;0;0;0;0;0
Ahmet Canbaz;MF;Trabzonspor;22;1998;4;31;8.0;0;0;1.0;0;0;0;0;0;0;0;0;0;0;0;0;2;1;0;0
Daniel Candeias;MF;Gençlerbirliği;32;1988;35;3022;86.0;35;24;0.91;7;0;0;45;31;7;291;25;40;0;4;7;57;18;0;0
Atakan Çankaya;DF.MF;Ankaragücü;22;1998;24;1686;70.0;20;15;0.79;6;0;0;29;41;2;8;40;52;0;1;0;5;2;0;0
Abdurrahman Canlı;MF;Hatayspor;23;1997;12;193;16.0;1;0;2.17;2;0;0;5;3;0;2;2;2;0;1;0;2;1;0;0
Oğuzhan Çapar;DF;Kayserispor;23;1996;3;191;64.0;2;2;1.0;1;0;0;0;5;0;0;4;2;1;0;0;0;0;0;0
Lucas Castro;MF;Fatih Karagümrük;31;1989;16;1005;63.0;12;2;1.69;3;0;0;8;11;1;11;12;15;0;3;3;19;6;0;0
Steven Caulker;DF;Alanyaspor;28;1991;32;2879;90.0;32;31;1.53;5;0;0;17;9;0;6;40;10;1;3;1;33;14;0;0
Mesut Çaytemel;DF;Hatayspor;36;1984;23;1671;73.0;18;13;1.57;4;0;0;18;10;0;79;16;17;0;0;3;5;2;0;0
Mustafa Çeçenoğlu;DF;Gençlerbirliği;26;1994;6;206;34.0;1;1;1.17;0;0;0;2;2;0;14;4;2;0;0;0;5;1;0;0
Özgür Çek;DF;Denizlispor;29;1991;7;112;16.0;1;0;0.29;0;0;0;1;3;0;9;2;2;0;0;0;0;0;0;0
Endri Çekiçi;MF;Ankaragücü;23;1996;31;2138;69.0;26;2;1.13;6;1;0;39;55;9;90;28;24;0;2;1;50;18;0;1
Alpay Çelebi;DF;Alanyaspor;21;1999;1;5;5.0;0;0;3.0;0;0;0;0;0;0;0;0;0;0;0;0;0;0;0;0
Muğdat Çelik;FW.MF;Kayserispor;30;1990;14;543;39.0;8;0;0.86;5;1;1;16;6;3;9;2;1;0;1;0;3;1;0;0
Osman Çelik;MF.DF;Erzurum BB;28;1991;27;1466;54.0;14;7;0.96;5;0;0;20;16;1;3;41;23;1;1;1;8;3;0;0
Sahverdi Cetin;MF;Ankaragücü;19;2000;17;416;24.0;2;0;0.71;3;0;0;11;4;0;12;9;6;0;0;0;7;2;0;0
Bülent Cevahir;DF;Yeni Malatyaspor;28;1992;10;416;42.0;4;4;1.0;0;0;0;2;7;0;23;9;5;0;0;0;0;0;0;0
Oğuz Ceylan;DF.MF;Gaziantep FK;29;1990;28;2006;72.0;24;16;1.39;4;1;1;26;18;3;84;40;30;0;0;2;10;3;0;0
Nacer Chadli;MF.FW;Başakşehir;30;1989;18;1083;60.0;12;4;1.44;2;0;0;7;6;5;21;12;6;0;3;3;26;11;1;1
Dimitris Chatziisaias;DF;Rizespor;27;1992;1;90;90.0;1;1;0.0;0;0;0;0;2;0;0;3;0;0;0;0;0;0;0;0
Issam Chebake;DF;Yeni Malatyaspor;30;1989;35;2956;84.0;33;26;1.0;7;0;0;50;51;2;81;56;36;0;0;2;18;1;0;0
Nadir Çiftçi;FW;Rizespor;28;1992;1;26;26.0;0;0;0.0;0;0;0;0;0;0;0;0;0;0;0;0;1;1;0;0
Uğur Çiftçi;DF;Sivasspor;28;1992;35;2979;85.0;33;31;1.69;6;0;0;58;22;4;99;41;62;0;0;3;11;0;0;0
Sadık Çiftpınar;DF;Fenerbahçe;27;1993;6;438;73.0;5;4;2.17;0;0;0;4;5;0;0;12;6;0;0;0;0;0;0;0
Mirza Cihan;FW;Gaziantep FK;19;2000;4;42;11.0;0;0;0.75;0;0;0;0;1;0;2;0;1;0;0;1;2;2;0;0
Sokol Cikalleshi;FW.MF;Konyaspor;30;1990;35;2461;70.0;29;12;1.23;3;0;0;61;50;18;23;12;18;0;8;3;59;21;0;1
Orkan Çınar;MF;Ankaragücü;24;1996;17;286;17.0;2;0;0.65;0;0;0;5;6;0;26;3;4;0;0;0;9;1;0;0
Papiss Cissé;FW;Fenerbahçe;35;1985;25;771;31.0;5;1;1.96;2;0;0;14;7;4;2;3;4;0;5;1;27;11;0;0
Isaac Cofie;MF;Sivasspor;28;1991;25;1458;58.0;16;9;1.8;5;0;0;24;10;0;3;24;21;0;0;0;7;1;0;0
Emre Çolak;MF;Fatih Karagümrük;29;1991;9;153;17.0;0;0;1.11;1;0;0;6;2;0;7;0;2;0;0;1;4;3;0;0
Kamil Çörekçi;DF.MF;Trabzonspor;28;1992;19;876;46.0;10;7;1.95;4;0;0;11;11;0;10;10;16;0;0;1;6;2;0;0
Manuel da Costa;DF;Erzurum BB;34;1986;14;1259;90.0;14;13;1.0;1;1;0;14;10;0;3;30;17;0;2;0;25;10;0;0
Enzo Crivelli;FW;Başakşehir;25;1995;36;1956;54.0;21;8;1.14;4;0;0;37;22;6;17;8;9;0;2;1;35;15;0;0
Christian Cueva;MF;Yeni Malatyaspor;28;1991;8;553;69.0;7;2;1.38;0;0;0;8;7;2;25;6;6;0;0;1;7;3;0;0
Robert Piris Da Motta;MF;Gençlerbirliği;26;1994;36;3181;88.0;36;31;1.06;12;0;0;52;45;1;6;46;47;0;6;1;25;10;5;5
Erdon Daci;FW.MF;Konyaspor;22;1998;19;707;37.0;6;2;1.47;2;0;0;19;19;9;23;3;5;0;2;0;19;5;0;0
Emre Demir;MF;Kayserispor;16;2004;14;224;16.0;1;0;1.14;1;0;0;10;7;0;2;1;4;0;0;1;7;4;0;0
Mete-Kaan Demir;MF;Başakşehir;22;1998;4;94;24.0;1;0;1.0;0;0;0;2;3;0;1;1;2;0;0;0;7;3;0;0
Muhammet Demir;FW;Gaziantep FK;28;1992;31;2025;65.0;24;5;1.58;5;0;0;29;33;5;3;7;5;0;15;5;58;24;1;1
Adil Demirbağ;DF;Konyaspor;22;1997;23;1256;55.0;15;10;1.52;6;0;0;11;15;0;6;20;24;1;0;0;8;1;0;0
İlhan Depe;MF;Kayserispor;27;1992;4;55;14.0;0;0;0.0;1;0;0;2;1;0;4;1;0;0;0;0;1;0;0;0
Halil Dervişoğlu;FW.MF;Galatasaray;20;1999;12;579;48.0;6;2;2.42;1;0;0;15;6;5;2;1;7;0;3;1;25;11;0;0
Michael DeShields;MF;Denizlispor;22;1998;1;1;1.0;0;0;0.0;0;0;0;0;0;0;0;0;0;0;0;0;0;0;0;0
Mbaye Diagne;FW;Galatasaray;28;1991;15;851;57.0;10;4;1.73;1;1;0;11;13;7;3;3;4;0;9;0;33;20;4;4
Nouha Dicko;FW;Gaziantep FK;28;1992;28;1931;69.0;23;9;1.46;4;0;0;49;28;18;24;7;5;0;4;0;45;17;1;1
Erdi Dikmen;DF;Ankaragücü;23;1997;25;1494;60.0;15;14;1.0;0;0;0;25;16;3;1;33;19;0;0;0;5;2;0;0
Soner Dikmen;MF;Gençlerbirliği;26;1993;34;2426;71.0;28;15;0.88;7;0;0;40;22;3;54;49;28;0;1;0;34;9;0;0
Emir Dilaver;DF;Rizespor;29;1991;23;1802;78.0;20;18;1.17;4;0;0;18;21;0;3;41;9;0;0;1;3;0;0;0
Ismaël Diomandé;MF;Konyaspor;27;1992;15;818;55.0;10;3;1.33;6;0;0;18;8;0;6;9;5;0;1;0;18;2;0;0
Assane Dioussé;MF;Ankaragücü;22;1997;20;844;42.0;9;2;0.75;3;0;0;16;12;1;13;12;9;0;0;0;6;2;0;0
Mix Diskerud;MF;Denizlispor;29;1990;18;1125;63.0;14;1;0.78;1;0;0;10;10;0;2;18;18;0;2;0;8;2;0;0
Djaniny;FW;Trabzonspor;29;1991;30;2205;74.0;25;7;1.97;4;0;0;41;28;14;27;16;16;0;8;1;70;28;1;1
Papy Djilobodji;DF;Gaziantep FK;31;1988;36;3195;89.0;36;35;1.47;7;0;0;47;18;3;7;84;30;0;2;1;24;5;0;0
Adem Dogan;DF;Kayserispor;18;2001;1;1;1.0;0;0;3.0;0;0;0;0;0;0;0;0;0;0;0;0;0;0;0;0
Mitchell Donald;MF;Erzurum BB;31;1988;16;873;55.0;8;5;0.88;2;0;0;11;7;1;6;16;5;0;1;0;6;2;0;0
Ryan Donk;DF;Galatasaray;34;1986;32;2189;68.0;24;20;2.09;4;1;0;23;26;1;4;28;21;0;2;3;12;2;0;0
Godfred Donsah;MF;Rizespor;24;1996;24;1444;60.0;18;6;1.17;3;0;0;19;11;1;4;22;22;0;1;0;12;3;0;0
Mathieu Dossevi;MF.FW;Denizlispor;32;1988;18;527;29.0;4;0;0.28;0;0;0;9;8;1;39;4;6;0;0;2;3;1;0;0
Danny Drinkwater;MF;Kasımpaşa;30;1990;11;518;47.0;6;0;1.09;1;0;0;7;10;0;4;5;5;0;0;0;4;2;0;0
Jean-Armel Drolé;MF;Antalyaspor;22;1997;2;47;24.0;1;0;1.0;0;0;0;0;0;1;0;0;1;0;0;0;0;0;0;0
Léo Duarte;DF;Başakşehir;24;1996;17;1282;75.0;15;12;1.24;3;0;0;12;5;0;3;19;6;0;0;0;6;2;0;0
Yasin Dülger;FW;Kasımpaşa;24;1995;11;177;16.0;0;0;0.55;0;0;0;2;7;0;4;0;3;0;0;0;4;2;0;0
Abdullah Durak;MF;Rizespor;33;1987;29;1736;60.0;19;9;1.24;4;0;0;25;32;1;2;27;23;0;0;2;8;1;0;0
Abdurrahim Dursun;MF;Trabzonspor;21;1998;2;134;67.0;1;0;0.5;0;0;0;4;3;1;0;2;3;0;0;0;1;1;0;0
Emem Eduok;FW.MF;Konyaspor;26;1994;4;153;38.0;0;0;0.5;2;0;0;6;1;1;2;0;4;0;0;0;2;0;0;0
Muhammed Egemen Pehlivan;MF;Fatih Karagümrük;20;2000;8;145;18.0;1;0;1.13;0;0;0;4;0;0;2;0;6;0;0;0;3;2;0;0
Vegar Eggen Hedenstad;DF;Fatih Karagümrük;29;1991;18;1264;70.0;15;10;1.61;2;0;0;17;7;0;31;15;13;0;1;1;5;1;0;0
Caleb Ekuban;MF.FW;Trabzonspor;26;1994;32;2729;85.0;32;14;2.03;3;0;0;39;57;3;36;19;30;0;10;4;71;32;1;2
Omar Elabdellaoui;DF;Galatasaray;28;1991;10;818;82.0;9;9;2.2;2;0;0;13;3;1;24;21;8;0;0;0;4;1;0;0
Bartuğ Elmaz;MF;Galatasaray;17;2003;1;1;1.0;0;0;3.0;0;0;0;0;0;0;0;0;0;0;0;0;0;0;0;0
Doğukan Emeksiz;FW;Yeni Malatyaspor;20;2000;1;1;1.0;0;0;0.0;0;0;0;0;0;0;0;0;0;0;0;0;0;0;0;0
Muhammed Emin Sarıkaya;DF;Başakşehir;18;2002;4;207;52.0;2;1;0.25;0;0;0;4;1;0;5;8;2;0;0;0;1;0;0;0
Berkan Emir;DF;Göztepe;32;1988;33;2798;85.0;33;26;1.3;5;1;1;19;42;3;233;33;26;0;1;5;12;5;0;0
Celal Emir Dede;MF;Rizespor;19;2001;1;3;3.0;0;0;0.0;0;0;0;0;0;0;0;0;0;0;0;0;0;0;0;0
Hasan Emre Yeşilyurt;MF;Kasımpaşa;19;2000;3;38;13.0;0;0;1.0;0;0;0;2;0;0;0;2;2;0;0;0;1;1;0;0
Alexandru Epureanu;DF;Başakşehir;33;1986;30;2398;80.0;29;23;1.17;3;1;0;21;17;0;9;29;24;0;0;0;17;5;0;0
Ziya Erdal;DF.MF;Sivasspor;32;1988;19;840;44.0;8;7;1.68;2;0;0;11;9;0;20;17;16;0;1;0;2;1;0;0
Alparslan Erdem;DF.MF;Fatih Karagümrük;31;1988;11;553;50.0;6;4;1.17;2;0;0;2;5;1;27;16;5;0;0;1;2;0;0;0
Mehmet Erdem Uğurlu;MF;Gaziantep FK;32;1988;1;16;16.0;0;0;1.0;0;0;0;0;1;0;0;0;0;0;0;0;0;0;0;0
Mevlüt Erdinç;FW.MF;Fatih Karagümrük;33;1987;30;1031;34.0;9;1;1.37;3;0;0;11;13;9;3;3;4;0;3;1;34;12;0;0
Doğan Erdoğan;MF;Rizespor;23;1996;19;751;40.0;9;3;1.21;2;0;0;16;12;0;14;7;14;0;1;1;6;1;0;0
Yusuf Erdoğan;MF.FW;Kasımpaşa;27;1992;29;208;72.0;24;10;1.14;5;0;0;38;33;6;112;32;18;0;9;2;45;22;2;2
Evren Eren Elmalı;DF;Kasımpaşa;20;2000;4;226;57.0;3;2;1.5;0;0;0;1;6;0;3;3;4;0;0;0;1;0;0;0
Ali Eren İyican;DF;Antalyaspor;21;1999;8;322;40.0;3;2;1.0;1;0;0;7;4;0;5;10;6;0;0;0;0;0;0;0
Muhammed Eren Kiryolcu;MF;Denizlispor;17;2003;1;8;8.0;0;0;0.0;0;0;0;0;0;0;0;0;0;0;0;0;0;0;0;0
Caner Erkin;DF;Fenerbahçe;31;1988;34;2699;79.0;30;22;2.03;8;0;0;35;10;2;378;57;31;0;0;9;18;8;0;1
Ertuğrul Ersoy;DF;Gaziantep FK;23;1997;6;306;51.0;4;2;1.67;1;0;0;6;0;2;1;3;3;0;0;0;0;0;0;0
Anderson Esiti;MF;Göztepe;26;1994;20;812;41.0;7;2;1.3;2;0;0;20;13;0;1;10;20;0;1;0;5;1;0;0
Mustafa Eskihellaç;MF;Yeni Malatyaspor;23;1997;25;1097;44.0;11;4;1.04;2;0;0;11;14;0;41;18;15;0;2;3;14;5;0;0
Oghenekaro Etebo;MF;Galatasaray;24;1995;24;1236;52.0;14;7;2.0;5;1;1;15;38;0;4;26;14;0;0;0;8;1;0;0
Fayçal Fajr;MF;Sivasspor;31;1988;36;309;86.0;36;20;1.78;6;0;0;36;59;3;218;27;34;0;4;5;36;13;0;1
Radamel Falcao;FW;Galatasaray;34;1986;17;869;51.0;9;1;1.76;3;1;1;15;19;11;0;1;5;0;9;2;35;16;5;5
Ömer Faruk Beyaz;MF;Fenerbahçe;16;2003;1;8;8.0;0;0;3.0;0;0;0;1;0;0;0;1;0;0;0;0;0;0;0;0
Sofiane Feghouli;MF;Galatasaray;30;1989;22;117;53.0;16;2;1.86;0;0;0;14;6;1;47;20;6;0;2;4;37;15;0;0
Jorge Félix;FW;Sivasspor;28;1991;17;279;16.0;1;0;1.76;0;0;0;7;4;0;2;2;5;0;2;0;9;5;0;0
Gedson Fernandes;MF;Galatasaray;21;1999;17;139;82.0;17;8;2.12;2;0;0;22;33;0;55;19;33;0;0;3;16;6;0;0
Junior Fernándes;MF;Başakşehir;32;1988;9;293;33.0;3;1;0.67;2;0;0;4;5;2;12;3;6;0;1;0;11;3;0;0
Manuel Fernandes;MF;Kayserispor;34;1986;11;488;44.0;7;0;0.91;1;0;0;4;14;0;20;5;4;0;0;0;5;4;0;0
Fernando;MF;Rizespor;27;1993;29;1256;43.0;16;0;1.24;6;1;1;31;31;5;17;7;15;0;2;3;21;6;0;0
Mehmet Feyzi Yıldırım;DF;Kasımpaşa;24;1996;10;425;43.0;3;2;1.4;2;0;0;5;1;0;5;8;10;0;1;0;1;1;0;0
Volkan Fındıklı;DF.MF;Konyaspor;29;1990;2;10;5.0;0;0;0.5;0;0;0;0;0;0;0;0;0;0;0;0;0;0;0;0
Flávio;MF;Trabzonspor;24;1996;31;1717;55.0;17;10;1.94;5;2;2;25;27;0;17;26;30;0;1;2;15;7;0;0
Moryké Fofana;MF;Yeni Malatyaspor;28;1991;31;1649;53.0;20;4;0.94;2;0;0;21;26;3;25;7;15;0;2;1;22;7;0;0
Fredy;MF;Antalyaspor;30;1990;32;2706;85.0;31;22;1.13;10;0;0;57;56;3;74;33;48;0;8;5;42;20;4;4
Kerim Frei;MF;Başakşehir;26;1993;7;166;24.0;1;0;0.43;1;0;0;0;4;0;12;2;1;0;0;0;1;1;0;0
Michael Frey;FW;Fenerbahçe;26;1994;1;90;90.0;1;1;3.0;0;0;0;3;1;0;4;0;0;0;0;0;1;1;0;0
Dominik Furman;MF;Gençlerbirliği;28;1992;21;1084;52.0;14;3;0.9;4;0;0;36;8;0;62;10;10;0;0;3;11;2;0;0
Lamine Gassama;DF;Göztepe;30;1989;18;1161;65.0;15;5;1.06;1;0;0;10;12;1;29;26;15;0;0;2;0;0;0;0
Geraldo;MF;Ankaragücü;28;1991;16;695;43.0;7;1;1.19;2;1;0;16;14;1;17;1;3;0;0;0;13;4;0;0
Rachid Ghezzal;MF;Beşiktaş;28;1992;31;2401;77.0;30;9;2.19;5;0;0;35;47;0;218;17;32;0;8;17;56;21;3;3
Okechukwu Godson Azubuike;MF;Başakşehir;23;1997;11;560;51.0;6;2;0.73;1;0;0;11;8;0;2;10;3;0;0;0;1;0;0;0
Gerard Gohou;FW;Kasımpaşa;31;1988;1;90;90.0;1;1;0.0;0;0;0;2;0;2;0;0;0;0;0;0;3;0;0;0
Marcelo Goiano;DF;Sivasspor;32;1987;10;716;72.0;9;6;1.2;2;0;0;10;7;0;16;17;18;0;0;0;0;0;0;0
Doğan Gölpek;FW;Konyaspor;25;1994;2;34;17.0;0;0;1.0;0;0;0;1;1;0;2;0;1;0;0;0;1;0;0;0
Ricardo Jorge Pires Gomes;FW;Erzurum BB;28;1991;31;2199;71.0;27;8;1.03;3;0;0;43;30;10;11;5;3;0;5;0;64;21;0;0
Gökhan Gönül;DF;Fenerbahçe;35;1985;21;1706;81.0;19;17;1.67;4;1;0;19;12;3;79;47;18;0;2;1;18;4;0;0
Max Gradel;MF.FW;Sivasspor;32;1987;39;3376;87.0;39;15;1.59;4;1;1;54;69;12;215;14;26;0;11;12;93;32;4;5
Ahmet Gülay;DF;Alanyaspor;17;2003;4;220;55.0;2;0;1.5;0;0;0;3;3;0;2;4;3;0;0;0;0;0;0;0
Fredrik Gulbrandsen;FW.MF;Başakşehir;27;1992;29;1161;40.0;11;3;1.03;1;0;0;27;14;9;4;10;3;0;7;0;40;20;0;0
Ceyhun Gülselam;MF;Alanyaspor;32;1987;21;625;30.0;6;2;1.95;5;0;0;24;4;1;6;6;11;0;1;2;15;4;0;0
Ersan Gülüm;DF;Antalyaspor;33;1987;14;753;54.0;9;4;1.07;3;1;1;8;12;1;0;14;9;0;0;1;2;0;0;0
Sinan Gümüş;MF;Fenerbahçe;26;1994;18;576;32.0;5;0;2.28;5;1;1;10;12;2;11;4;5;0;3;1;19;9;0;0
Atakan Gündüz;DF;Trabzonspor;19;2001;1;1;1.0;0;0;3.0;0;0;0;0;0;0;0;0;0;0;0;0;0;0;0;0
Umut Güneş;MF;Alanyaspor;20;2000;16;472;30.0;5;1;1.56;1;0;0;11;8;0;5;5;10;0;0;2;10;3;0;0
Emre Güral;MF.FW;Ankaragücü;31;1989;26;877;34.0;8;0;1.04;4;0;0;10;10;0;19;1;2;0;4;3;33;12;1;1
Berke Gürbüz;MF;Ankaragücü;17;2003;1;6;6.0;0;0;0.0;0;0;0;0;0;0;0;0;0;0;0;0;0;0;0;0
Serdar Gürler;MF;Antalyaspor;28;1991;15;356;24.0;3;1;0.93;0;0;0;3;7;4;10;3;1;0;0;0;4;3;0;0
Luiz Gustavo;MF;Fenerbahçe;33;1987;34;2383;70.0;25;21;2.12;6;0;0;43;38;0;17;49;34;0;1;1;33;10;0;0
İsmail Güven;MF;Konyaspor;26;1994;2;46;23.0;0;0;2.0;0;0;0;1;0;0;0;0;0;0;0;0;0;0;0;0
Oussama Haddadi;DF;Kasımpaşa;28;1992;35;3008;86.0;34;31;1.14;3;1;0;29;22;9;132;47;29;0;0;1;10;3;0;0
Teenage Hadebe;DF;Yeni Malatyaspor;24;1995;30;2367;79.0;26;23;1.23;7;1;0;19;21;0;17;42;14;0;2;1;8;4;0;0
Florent Hadergjonaj;DF;Kasımpaşa;26;1994;36;3183;88.0;36;34;1.11;3;1;0;17;28;2;123;69;26;1;2;2;9;3;2;2
Amir Hadžiahmetović;MF;Konyaspor;23;1997;34;2681;79.0;29;23;1.12;4;0;0;33;50;1;19;40;33;0;4;0;56;21;0;0
Karim Hafez;DF;Yeni Malatyaspor;24;1996;33;2843;86.0;31;29;1.15;7;1;0;44;42;0;176;58;29;0;0;9;17;3;0;0
Haris Hajradinović;MF;Kasımpaşa;26;1994;36;31;86.0;35;23;1.11;5;0;0;63;79;4;165;17;39;0;5;5;81;27;0;1
Jugurtha Hamroun;MF;Erzurum BB;31;1989;7;149;21.0;2;0;0.86;0;0;0;5;1;1;13;0;1;0;0;0;2;0;0;0
Mevlüt Han Ekelik;MF;Antalyaspor;15;2004;3;62;21.0;0;0;0.33;1;0;0;1;0;0;0;0;1;0;0;0;0;0;0;0
Ajdin Hasić;MF;Beşiktaş;18;2001;8;212;27.0;2;0;2.0;0;0;0;3;3;0;2;1;3;0;2;0;9;4;0;0
Dogucan Haspolat;MF;Kasımpaşa;20;2000;12;289;24.0;2;0;1.08;0;0;0;8;6;0;1;11;5;0;0;0;2;0;0;0
Hasan Hatipoğlu;DF;Erzurum BB;31;1989;26;196;75.0;21;18;0.96;6;1;0;15;15;3;1;40;12;0;1;0;21;3;0;0
Pedro Henrique;MF.FW;Kayserispor;30;1990;33;2519;76.0;29;13;0.91;10;1;1;86;40;27;51;18;28;0;8;2;76;34;2;2
Armin Hodžić;FW.MF;Kasımpaşa;25;1994;21;1528;73.0;17;7;1.24;2;0;0;34;29;4;17;7;11;0;5;1;47;22;0;0
Majid Hosseini;DF;Trabzonspor;24;1996;18;743;41.0;7;7;1.94;2;0;0;4;5;1;1;17;12;0;0;0;0;0;0;0
Vitor Hugo;DF;Trabzonspor;29;1991;30;2643;88.0;30;27;1.8;8;1;1;32;10;0;0;44;19;0;2;0;31;12;0;0
Paolo Hurtado;FW;Konyaspor;30;1990;6;245;41.0;2;0;1.5;0;0;0;3;7;3;8;1;2;0;0;0;7;2;0;0
Mustafa Hüseyin Seyhan;MF;Gençlerbirliği;24;1996;9;154;17.0;1;0;1.22;0;0;0;1;4;0;1;3;3;0;0;0;2;1;0;0
Atiba Hutchinson;MF;Beşiktaş;37;1983;36;2925;81.0;35;18;2.17;4;0;0;31;43;3;6;33;26;0;4;8;31;11;0;0
Brown Ideye;FW;Göztepe;31;1988;30;1091;36.0;11;5;1.0;2;0;0;31;17;3;2;2;8;0;2;3;16;6;0;0
Edgar Ié;DF;Trabzonspor;26;1994;38;3234;85.0;37;35;1.82;6;0;0;22;13;1;6;47;31;1;2;0;8;4;0;0
Ahmed Ildiz;MF;Yeni Malatyaspor;23;1996;35;1737;50.0;19;7;1.2;3;0;0;26;15;2;26;26;16;0;1;0;18;5;0;0
Selim Ilgaz;MF;Hatayspor;25;1995;27;1167;43.0;15;1;1.7;0;0;0;9;14;3;32;8;9;0;2;2;14;7;0;0
Omar Imeri;DF.MF;Antalyaspor;20;1999;16;601;38.0;5;3;0.94;0;0;0;8;4;0;7;15;12;0;0;0;5;2;0;0
Julian Jeanvier;DF;Kasımpaşa;28;1992;4;315;79.0;4;3;1.75;1;0;0;7;1;0;0;6;1;0;0;0;1;0;0;0
Jefferson;MF;Gaziantep FK;26;1994;30;146;49.0;15;3;1.37;3;1;0;32;24;0;8;17;20;0;4;2;21;9;0;0
Marko Jevtović;MF;Konyaspor;27;1993;35;2855;82.0;34;22;1.23;9;0;0;58;35;1;18;58;31;1;4;2;48;15;1;1
Mattias Johansson;DF;Gençlerbirliği;28;1992;29;2531;87.0;29;26;1.07;4;1;0;37;31;3;30;43;28;0;3;0;20;5;0;0
Dušan Jovančić;MF;Rizespor;29;1990;4;41;10.0;0;0;2.5;0;0;0;2;2;0;0;1;1;0;0;1;0;0;0;0
Juanfran;DF;Alanyaspor;31;1988;37;2898;78.0;33;25;1.51;2;0;0;13;34;1;213;47;25;0;0;1;16;6;0;0
Mathias Jørgensen;DF;Fenerbahçe;30;1990;2;180;90.0;2;2;2.0;0;0;0;4;0;0;0;1;2;0;0;0;0;0;0;0
Ali Kaan Güneren;DF.MF;Ankaragücü;20;2000;4;287;72.0;3;1;0.75;0;0;0;4;2;0;6;0;8;0;0;0;1;0;0;0
Moestafa El Kabir;FW;Erzurum BB;31;1988;11;521;47.0;7;0;0.73;2;0;0;10;17;8;6;2;1;0;0;0;9;2;0;0
Bora Kadioglu;MF;Fatih Karagümrük;19;2001;1;4;4.0;0;0;3.0;0;0;0;0;0;0;0;0;0;0;0;0;0;0;0;0
Ferdi Kadioglu;MF;Fenerbahçe;20;1999;26;734;28.0;6;0;1.92;3;0;0;16;16;1;24;6;10;0;1;2;12;3;0;0
Damian Kądzior;MF.FW;Alanyaspor;28;1992;17;585;34.0;5;2;1.06;0;0;0;8;19;5;86;0;4;0;0;2;16;7;0;0
Oğuz Kağan Güçtekin;MF;Konyaspor;21;1999;19;756;40.0;7;2;1.47;3;0;0;8;5;1;3;14;12;0;0;0;3;2;0;0
Berat Kalkan;FW;Kasımpaşa;17;2003;1;4;4.0;0;0;3.0;0;0;0;1;1;0;0;0;0;0;0;0;0;0;0;0
Kesselly Kamara;MF;Hatayspor;22;1997;21;667;32.0;4;2;1.33;4;0;0;18;16;2;10;8;8;1;1;3;17;7;0;0
Jean-Armel Kana-Biyik;DF;Gaziantep FK;31;1989;17;1416;83.0;17;14;1.88;2;0;0;6;12;0;0;22;7;0;2;0;4;2;0;0
Kaan Kanak;DF.MF;Erzurum BB;29;1990;13;1075;83.0;12;8;0.69;4;0;0;8;8;0;44;17;9;0;1;0;10;7;0;0
Kubilay Kanatsızkuş;MF.FW;Yeni Malatyaspor;23;1997;29;1665;57.0;20;3;1.34;1;1;0;25;30;5;9;16;18;0;5;1;27;14;0;0
Wilfried Kanga;FW;Kayserispor;22;1998;14;913;65.0;11;5;0.71;1;0;0;13;6;12;2;1;2;0;2;0;22;10;0;0
Aytaç Kara;MF;Kasımpaşa;27;1993;26;2267;87.0;26;24;1.08;12;1;1;40;49;1;17;23;25;0;4;2;46;20;0;1
Emre Karaal;MF;Başakşehir;17;2003;1;5;5.0;0;0;3.0;0;0;0;0;0;0;0;0;0;0;0;0;0;0;0;0
Efecan Karaca;MF;Alanyaspor;30;1989;29;2159;74.0;24;7;1.69;4;0;0;32;51;10;49;12;21;0;2;4;33;9;2;2
Ahmet Karademir;FW;Konyaspor;16;2004;2;31;16.0;0;0;2.0;0;0;0;2;0;0;0;0;1;0;0;0;0;0;0;0
Gökhan Karadeniz;MF.FW;Hatayspor;30;1990;9;447;50.0;6;0;1.33;2;2;1;13;7;1;9;4;4;0;0;2;8;4;0;0
İlker Karakaş;FW.MF;Gençlerbirliği;21;1999;20;411;21.0;3;0;0.65;0;0;0;9;10;7;6;2;5;0;1;0;12;2;0;0
Oltan Karakullukçu;FW;Erzurum BB;29;1991;18;509;28.0;2;2;1.26;5;0;0;14;6;5;2;0;1;0;4;2;19;10;0;0
Enes Karakuş;FW;Başakşehir;19;2001;2;14;7.0;0;0;0.5;0;0;0;0;0;0;0;0;0;0;0;0;1;0;0;0
Cebrail Karayel;DF;Ankaragücü;25;1994;3;105;35.0;1;1;1.0;0;0;0;2;2;0;3;2;0;0;0;0;0;0;0;0
Gökhan Kardes;DF;Erzurum BB;23;1997;13;928;71.0;10;9;1.23;3;0;0;11;3;0;1;15;7;0;0;0;0;0;0;0
Erkan Kaş;DF;Yeni Malatyaspor;28;1991;3;156;52.0;2;1;1.33;0;0;0;1;4;0;10;1;3;0;0;0;1;0;0;0
Emirhan Kascioglu;DF;Denizlispor;19;2001;3;148;49.0;1;1;0.0;1;0;0;1;0;0;0;6;3;0;0;0;1;0;0;0
Alexandros Katranis;DF;Hatayspor;22;1998;22;1522;69.0;17;9;1.45;3;0;0;24;13;0;95;24;17;0;1;3;9;4;0;0
Erdogan Kaya;DF;Beşiktaş;19;2001;1;14;14.0;0;0;3.0;0;0;0;0;0;0;0;0;0;0;0;0;0;0;0;0
Semih Kaya;DF;Yeni Malatyaspor;29;1991;32;2634;82.0;31;26;1.16;2;1;0;14;18;0;4;40;16;1;1;1;12;3;0;0
Yalçın Kayan;MF;Göztepe;21;1999;18;951;53.0;12;0;1.22;7;0;0;12;5;0;2;30;14;0;2;0;5;3;0;0
Olarenwaju Kayode;FW;Sivasspor;27;1993;33;1609;49.0;18;2;1.67;2;0;0;31;48;8;20;8;12;0;6;2;36;14;0;0
Isaac Kiese Thelin;FW;Kasımpaşa;28;1992;21;1705;81.0;21;13;1.29;4;0;0;49;10;9;2;3;2;0;9;2;45;21;0;1
Emre Kılınç;MF;Galatasaray;25;1994;35;2292;65.0;27;2;2.2;0;1;0;33;29;4;107;15;22;0;4;4;46;18;0;0
Safa Kınalı;MF;Trabzonspor;21;1999;9;111;12.0;1;0;1.78;1;0;0;3;2;0;0;2;3;0;0;0;2;2;0;0
Batuhan Kırdaroğlu;FW;Göztepe;19;2000;1;9;9.0;0;0;3.0;0;0;0;0;0;0;0;0;0;0;0;0;0;0;0;0
Stelios Kitsiou;DF;Ankaragücü;26;1993;30;2519;84.0;29;25;1.13;11;0;0;37;64;0;52;42;65;0;1;4;23;5;0;0
Arda Kızıldağ;DF;Gençlerbirliği;21;1998;31;2432;78.0;27;25;0.87;8;0;0;28;40;3;3;72;48;2;1;0;15;2;0;0
Alberk Koç;DF;Rizespor;23;1997;8;136;17.0;1;1;0.75;0;0;0;2;0;0;14;2;0;0;0;0;2;0;0;0
Anıl Koç;MF;Kasımpaşa;25;1995;25;738;30.0;7;0;1.24;0;1;0;16;11;2;28;7;2;0;1;2;14;7;0;0
Bengali-Fodé Koita;FW.MF;Kasımpaşa;29;1990;13;671;52.0;6;2;1.15;2;0;0;13;19;8;0;0;0;0;3;0;21;11;0;0
Dimitrios Kolovetsios;DF;Kayserispor;28;1991;35;315;90.0;35;35;0.94;6;0;0;26;11;1;2;56;16;0;1;0;15;2;0;0
Arouna Koné;MF.FW;Sivasspor;36;1983;32;573;18.0;2;0;1.56;1;0;0;3;7;6;3;1;2;0;1;0;17;7;0;1
Youssouf Koné;DF;Hatayspor;25;1995;6;99;17.0;1;0;1.67;0;1;0;2;1;0;9;3;1;0;0;0;0;0;0;0
Gilbert Koomson;MF;Kasımpaşa;25;1994;22;1171;53.0;16;0;1.0;0;0;0;15;10;3;35;17;12;0;0;1;8;2;0;0
Nurettin Korkmaz;FW;Kayserispor;18;2002;11;145;13.0;0;0;1.45;2;0;0;4;2;0;8;2;2;0;0;0;2;0;0;0
İsmail Köybaşı;DF;Rizespor;31;1989;20;1246;62.0;14;9;1.85;3;0;0;22;8;5;39;42;17;0;3;2;10;4;0;0
Zvonimir Kožulj;MF;Gaziantep FK;26;1993;18;480;27.0;3;1;1.83;2;0;0;13;12;0;14;4;6;0;0;0;8;2;0;0
Artem Kravets;FW;Konyaspor;31;1989;29;1519;52.0;16;11;1.07;4;0;0;17;21;2;8;4;10;0;9;2;45;22;1;1
Fyodor Kudryashov;DF;Antalyaspor;33;1987;37;3138;85.0;35;30;1.16;5;1;1;24;22;0;25;55;30;0;0;0;4;0;0;0
Furkan Külekçi;FW;Kasımpaşa;19;2001;4;27;7.0;0;0;0.75;0;0;0;0;0;0;0;0;0;0;0;0;2;1;0;0
Ante Kulušić;DF;Ankaragücü;34;1986;19;16;84.0;18;17;1.05;3;0;0;16;5;2;3;28;14;2;0;0;4;1;0;0
Fatih Kuruçuk;DF;Fatih Karagümrük;22;1998;14;126;90.0;14;14;1.21;4;0;0;13;13;2;1;20;5;0;0;0;6;2;0;0
Berkan Kutlu;MF;Alanyaspor;22;1998;38;2433;64.0;26;20;1.47;5;0;0;40;19;1;25;27;31;0;3;2;44;19;0;0
Zoran Kvržić;DF.MF;Kayserispor;31;1988;36;2908;81.0;34;22;0.97;5;0;0;30;28;3;97;56;32;1;1;1;29;9;0;0
Cyle Larin;MF.FW;Beşiktaş;25;1995;38;2878;76.0;33;19;2.05;5;1;1;57;65;17;13;23;17;0;19;5;78;46;0;0
Joseph Larweh Attamah;MF.DF;Kayserispor;26;1994;31;2281;74.0;25;16;0.97;3;0;0;20;19;0;9;40;20;0;0;0;13;1;0;0
Fabiano Leismann;DF;Denizlispor;28;1991;33;2688;81.0;31;28;0.73;8;0;0;31;19;1;14;47;32;0;0;0;23;5;0;0
Mauricio Lemos;DF;Fenerbahçe;24;1995;8;649;81.0;6;5;1.88;3;1;1;8;5;0;3;8;13;0;0;0;8;3;0;0
Aaron Lennon;MF;Kayserispor;33;1987;36;266;74.0;33;9;0.97;4;1;1;29;27;5;80;18;23;0;0;5;12;4;0;0
Eric Lichaj;DF;Fatih Karagümrük;31;1988;10;736;74.0;8;6;1.4;1;0;0;7;5;0;7;23;7;1;0;0;1;0;0;0
Alan Lima Cariús;MF.FW;Kasımpaşa;23;1997;15;691;46.0;8;4;1.2;1;0;0;20;8;2;16;3;5;0;1;1;15;5;0;0
Sandro Lima;FW.MF;Gençlerbirliği;29;1990;16;1289;81.0;15;9;1.13;4;0;0;35;30;8;9;3;7;0;2;2;33;14;0;0
Martin Linnes;DF;Galatasaray;28;1991;22;1547;70.0;15;11;1.68;1;0;0;15;22;0;59;22;20;0;0;1;5;1;0;0
Adem Ljajić;MF;Beşiktaş;28;1991;22;1095;50.0;14;0;1.82;3;0;0;4;12;3;47;6;1;0;2;3;25;13;0;0
Saba Lobzhanidze;MF;Ankaragücü;25;1994;37;2722;74.0;32;18;0.92;1;0;0;17;14;9;60;20;9;0;3;7;46;22;0;0
Miguel Lopes;DF;Kayserispor;33;1986;14;1085;78.0;12;10;0.79;2;1;1;15;15;4;26;14;18;0;0;0;10;4;0;0
Tiago Jorge Oliveira Lopes;DF.MF;Denizlispor;31;1989;24;1939;81.0;23;18;0.75;4;0;0;31;45;2;71;52;24;0;0;2;14;1;0;0
Derrick Luckassen;DF;Kasımpaşa;25;1995;16;133;83.0;16;12;1.25;7;3;2;20;10;1;1;17;5;0;0;0;5;1;0;0
Kevin Luckassen;FW;Kayserispor;27;1993;14;534;38.0;4;2;0.79;1;0;0;15;11;2;0;1;4;0;0;0;11;2;0;0
Jody Lukoki;MF;Yeni Malatyaspor;27;1992;10;334;33.0;3;0;1.2;3;0;0;11;4;1;19;0;3;0;0;1;4;2;0;0
Christian Luyindama;DF;Galatasaray;26;1994;24;1756;73.0;19;17;1.96;4;0;0;18;11;0;0;45;9;0;0;1;15;4;0;0
Davidson da Luz Pereira;MF;Alanyaspor;29;1991;39;3012;77.0;33;13;1.54;6;0;0;41;89;4;72;19;43;0;10;2;91;33;0;0
Anton Maglica;FW;Kayserispor;28;1991;8;355;44.0;4;0;1.25;1;0;0;15;6;3;3;0;1;0;1;1;10;4;0;0
Stevie Mallan;MF;Yeni Malatyaspor;24;1996;17;775;46.0;8;1;0.76;0;0;0;9;3;0;19;6;0;0;2;0;19;11;0;0
Aly Mallé;FW;Yeni Malatyaspor;22;1998;7;38;5.0;0;0;1.43;0;0;0;2;0;0;7;0;1;0;0;0;1;0;0;0
Yunus Mallı;MF;Trabzonspor;28;1992;13;418;32.0;5;0;1.92;0;0;0;5;6;0;7;4;7;0;0;0;6;2;0;0
Harrison Manzala;MF;Kayserispor;26;1994;4;122;31.0;1;0;0.5;0;0;0;2;2;0;3;2;0;0;0;0;0;0;0;0
Marcão;DF;Galatasaray;24;1996;37;3313;90.0;37;35;2.19;10;1;0;44;70;2;6;62;37;0;0;0;12;3;0;0
Marlon;DF;Trabzonspor;23;1997;36;3224;90.0;36;34;1.83;3;0;0;29;32;1;74;79;43;0;0;1;13;4;0;0
Alexandru Maxim;MF;Gaziantep FK;30;1990;38;3018;79.0;38;11;1.42;8;0;0;52;61;8;163;23;35;0;15;3;58;31;8;8
Dario Melnjak;DF;Rizespor;27;1992;29;2127;73.0;24;18;1.07;5;0;0;16;17;0;69;48;20;0;0;3;12;0;0;0
Bernard Mensah;MF;Beşiktaş;25;1994;31;1459;47.0;13;2;2.1;4;0;0;26;42;4;37;4;12;0;4;1;42;11;1;2
Yassine Meriah;DF;Rizespor;27;1993;28;2351;84.0;26;25;1.11;8;1;1;22;13;2;7;49;24;1;1;0;11;5;0;0
Metehan Mert;DF;Gençlerbirliği;21;1999;5;374;75.0;4;3;1.4;0;0;0;1;3;1;0;4;6;0;0;1;3;1;0;0
Muhammed Mert;MF;Hatayspor;25;1995;18;412;23.0;2;0;1.56;1;0;0;8;3;0;16;8;5;0;0;1;4;0;0;0
Muris Mešanović;MF.FW;Denizlispor;30;1990;36;1884;52.0;19;5;0.78;5;0;0;52;20;10;15;5;8;0;6;2;42;21;0;0
Konrad Michalak;MF;Rizespor;22;1997;31;1371;44.0;12;3;1.35;0;0;0;12;42;2;42;15;18;0;2;2;19;7;0;0
Marko Mihojević;DF;Göztepe;24;1996;21;1559;74.0;18;13;1.29;3;0;0;20;17;0;3;22;14;0;2;0;8;2;0;0
Deni Milošević;MF;Konyaspor;25;1995;30;1788;60.0;23;3;1.33;2;0;0;26;14;2;31;10;14;0;2;2;29;13;0;0
Arturo Mina;DF;Erzurum BB;29;1990;9;712;79.0;9;7;0.67;4;0;0;10;10;1;0;11;5;0;0;0;9;2;0;0
Kevin Mirallas;MF.FW;Gaziantep FK;32;1987;28;2029;72.0;26;6;1.46;9;2;1;37;33;2;63;11;11;0;5;5;41;13;0;0
Roderick Miranda;DF;Gaziantep FK;29;1991;13;1057;81.0;12;10;1.31;4;0;0;11;4;1;1;15;9;0;0;0;6;2;0;0
Farouk Miya;MF.FW;Konyaspor;22;1997;16;727;45.0;9;2;1.38;2;0;0;13;11;8;6;7;6;0;0;0;12;5;0;0
Mostafa Mohamed;FW;Galatasaray;22;1997;16;906;57.0;10;3;2.31;2;1;0;15;14;4;2;2;8;0;8;0;37;15;3;3
Francisco Montero;DF;Beşiktaş;21;1999;13;922;71.0;9;9;2.08;2;0;0;10;6;1;0;12;7;1;0;0;2;0;0;0
Júnior Morais;DF.MF;Gaziantep FK;34;1986;22;1423;65.0;16;11;1.23;7;1;1;27;21;0;50;43;23;1;0;0;5;2;0;0
Mykola Morozyuk;DF;Rizespor;32;1988;33;27;82.0;30;27;1.3;7;0;0;40;29;2;146;58;37;0;0;2;14;4;0;0
Mossoró;MF;Göztepe;37;1983;14;539;39.0;7;0;1.14;2;0;0;19;9;0;8;6;8;0;1;1;3;1;0;0
François Moubandje;DF;Alanyaspor;30;1990;35;3052;87.0;35;31;1.54;4;0;0;45;23;1;49;52;17;0;3;1;26;10;0;0
Lucas Mugni;MF;Gençlerbirliği;28;1992;10;278;28.0;2;0;1.1;0;0;0;5;0;2;20;4;5;0;0;0;6;3;0;0
Rashad Muhammed;FW;Erzurum BB;26;1993;13;668;51.0;8;0;1.0;1;0;0;23;8;5;9;3;3;0;1;0;17;7;0;0
Karlo Muhar;MF;Kayserispor;24;1996;16;1209;76.0;15;10;1.19;5;0;0;28;7;0;4;14;29;0;1;1;12;4;0;0
Paul Mukairu;MF;Antalyaspor;20;2000;3;135;45.0;2;0;1.33;1;0;0;5;4;0;0;0;1;0;0;0;0;0;0;0
Radosław Murawski;MF;Denizlispor;26;1994;32;2499;78.0;30;22;0.69;15;2;2;61;46;0;15;54;38;0;1;1;11;2;1;2
Georges-Kévin N'Koudou;MF;Beşiktaş;25;1995;32;1509;47.0;15;5;2.31;1;0;0;19;33;8;56;17;19;0;8;4;53;21;1;2
Fabrice N'Sakala;DF;Beşiktaş;30;1990;29;2352;81.0;26;23;2.03;5;1;1;25;37;3;84;32;38;0;1;1;4;2;0;0
Naldo;DF;Antalyaspor;31;1988;29;254;88.0;28;25;0.9;9;1;1;27;9;1;0;48;21;0;2;0;12;4;0;0
Stefano Napoleoni;MF.FW;Göztepe;34;1986;15;470;31.0;3;0;1.2;0;0;0;4;5;5;2;3;2;0;1;0;14;4;0;0
Umut Nayir;FW;Beşiktaş;27;1993;2;30;15.0;0;0;2.0;0;0;0;0;0;0;0;0;0;0;0;0;0;0;0;0
Alassane Ndao;MF;Fatih Karagümrük;23;1996;38;3083;81.0;35;17;1.5;8;0;0;21;34;12;83;20;15;0;11;9;55;26;0;1
Badou Ndiaye;MF;Fatih Karagümrük;29;1990;14;1171;84.0;14;5;1.36;3;1;1;16;27;3;6;9;18;0;3;2;29;7;0;0
Cherif Ndiaye;FW.MF;Göztepe;24;1996;39;2791;72.0;31;21;1.23;3;0;0;58;81;18;15;18;16;0;10;1;42;20;0;1
Eric Ndizeye;DF;Yeni Malatyaspor;20;1999;2;26;13.0;0;0;2.0;0;0;0;0;1;0;0;0;0;0;0;0;0;0;0;0
Casimir Ninga;MF.FW;Sivasspor;27;1993;16;467;29.0;5;0;1.31;1;0;0;15;4;1;22;6;5;0;0;0;8;4;0;0
Recep Niyaz;MF;Denizlispor;24;1995;28;1753;63.0;21;10;0.82;3;0;0;17;16;1;39;32;19;0;5;2;34;15;0;0
Filip Novák;DF;Fenerbahçe;30;1990;18;857;48.0;9;6;1.89;0;0;0;4;8;0;13;16;5;0;1;0;5;2;0;0
Arvydas Novikovas;MF.FW;Erzurum BB;29;1990;31;1967;63.0;22;9;1.06;3;0;0;34;25;3;101;19;5;0;4;4;52;21;2;2
Atınç Nukan;DF;Göztepe;27;1993;27;2337;87.0;26;24;1.44;4;0;0;12;8;0;3;41;13;0;2;2;9;4;0;0
Anthony Nwakaeme;MF;Trabzonspor;31;1989;34;2956;87.0;34;20;1.88;5;1;1;35;38;14;87;25;34;0;7;5;104;28;0;0
Obinna Nwobodo;MF;Göztepe;23;1996;31;2372;77.0;25;18;1.29;12;1;1;64;16;1;6;55;67;0;0;2;6;1;0;0
Gabriel Obertan;MF;Erzurum BB;31;1989;28;191;68.0;24;12;0.82;1;0;0;23;14;1;19;8;23;0;2;2;26;8;0;0
Alaaddin Okumuş;DF;Sivasspor;24;1995;4;105;26.0;1;1;2.5;0;0;0;1;0;0;3;5;3;0;0;0;0;0;0;0
Melih Okutan;FW;Kayserispor;24;1996;11;223;20.0;0;0;1.18;1;0;0;6;1;0;9;0;0;0;1;0;3;2;0;0
Paweł Olkowski;DF.MF;Gaziantep FK;30;1990;31;2551;82.0;28;25;1.45;4;0;0;22;21;1;44;51;34;0;0;1;13;2;0;0
Johanna Omolo;MF;Erzurum BB;31;1989;20;1466;73.0;19;7;1.15;4;0;0;45;22;2;2;17;16;0;0;1;12;2;0;0
Abdülkadir Ömür;MF;Trabzonspor;21;1999;23;1513;66.0;18;8;1.61;0;0;0;11;33;2;42;5;14;0;2;3;28;12;0;0
Alaattin Öner;MF;Denizlispor;16;2004;1;1;1.0;0;0;0.0;0;0;0;0;0;0;0;0;0;0;0;0;0;0;0;0
Henry Onyekuru;MF;Galatasaray;23;1997;14;813;58.0;8;0;2.21;1;0;0;11;11;11;3;9;5;0;5;0;25;11;0;0
Dever Orgill;FW.MF;Antalyaspor;30;1990;32;1554;49.0;16;6;1.19;7;0;0;45;23;14;3;7;10;1;1;1;23;9;0;0
Soner Örnek;DF;Hatayspor;31;1989;4;33;8.0;0;0;0.75;0;0;0;1;0;0;0;0;0;0;0;0;4;2;0;0
Bright Osayi-Samuel;MF;Fenerbahçe;22;1997;18;980;54.0;11;2;1.89;0;0;0;23;31;1;16;5;6;0;1;0;11;5;0;0
Caner Osmanpaşa;DF;Sivasspor;32;1988;28;2365;84.0;27;25;1.39;2;0;0;21;9;0;2;32;19;0;1;0;10;2;0;0
Şener Özbayraklı;DF;Galatasaray;30;1990;12;755;63.0;8;6;1.92;1;0;0;12;11;3;21;10;17;0;0;2;1;0;0;0
Berkay Özcan;MF;Başakşehir;22;1998;33;1768;54.0;17;14;1.33;1;0;0;11;17;1;18;14;11;0;0;1;17;1;0;0
Özer Özdemir;DF.MF;Denizlispor;22;1998;25;1627;65.0;17;9;0.76;1;1;0;21;14;2;35;35;35;0;1;1;4;1;0;0
Yusuf Özdemir;DF.MF;Alanyaspor;19;2001;1;1;1.0;0;0;3.0;0;0;0;0;0;0;1;0;0;0;0;0;0;0;0;0
Kenan Özer;FW.MF;Gaziantep FK;32;1987;38;1881;50.0;22;1;1.47;2;0;0;52;46;13;32;7;17;0;5;3;42;15;1;1
Mesut Özil;MF;Fenerbahçe;31;1988;10;645;65.0;8;2;1.7;0;0;0;2;9;4;31;3;0;0;0;1;7;2;0;0
Muhammet Özkal;DF;Denizlispor;20;1999;18;1037;58.0;10;8;0.72;1;0;0;8;6;0;3;18;13;2;0;0;7;0;0;0
Hakan Özmert;MF;Antalyaspor;35;1985;28;1722;62.0;23;8;1.14;9;1;1;28;41;0;53;18;24;0;3;2;27;6;1;1
Valentine Ozornwafor;DF;Galatasaray;21;1999;1;11;11.0;0;0;3.0;0;0;0;0;0;0;0;0;1;0;0;0;0;0;0;0
Yasin Öztekin;MF.FW;Sivasspor;33;1987;13;501;39.0;4;2;1.38;0;0;0;7;9;6;28;2;5;0;0;0;8;3;0;1
Alpaslan Öztürk;DF;Göztepe;27;1993;21;1647;78.0;19;16;1.52;6;0;0;21;17;2;1;32;18;0;3;0;15;4;2;2
Bahadır Öztürk;DF;Antalyaspor;24;1995;4;269;67.0;4;2;0.25;0;0;0;1;6;0;0;7;2;0;0;0;0;0;0;0
Oğuzhan Özyakup;MF;Beşiktaş;27;1992;19;623;33.0;8;0;2.05;0;0;0;6;11;1;28;5;8;0;3;1;14;7;0;0
Joseph Paintsil;MF;Ankaragücü;22;1998;33;2208;67.0;24;9;0.94;5;2;0;31;57;6;35;13;10;0;11;0;52;28;4;4
Mithat Pala;MF;Rizespor;19;2000;5;28;6.0;0;0;1.2;0;0;0;0;1;0;1;1;1;0;0;0;1;0;0;0
Murat Paluli;DF;Göztepe;25;1994;34;2417;71.0;25;25;1.41;3;0;0;25;43;2;54;43;34;0;0;1;10;3;0;0
Abdülkadir Parmak;MF;Trabzonspor;25;1994;26;1853;71.0;23;11;1.73;6;0;0;22;45;0;9;19;22;0;0;0;11;2;0;0
Giuliano de Paula;MF;Başakşehir;30;1990;23;131;57.0;13;3;1.13;0;0;0;7;19;4;7;6;11;0;2;1;29;12;0;2
David Pavelka;MF.DF;Kasımpaşa;29;1991;4;214;54.0;3;1;1.5;0;0;0;4;2;0;0;3;3;0;0;0;1;1;0;0
Nehuén Paz;DF;Kayserispor;27;1993;12;700;58.0;8;7;0.83;2;0;0;9;4;0;0;15;9;0;1;0;4;1;0;0
Michał Pazdan;DF;Ankaragücü;32;1987;15;1134;76.0;14;10;0.4;4;1;0;18;12;1;0;25;16;0;0;0;5;1;0;0
Halil Pehlivan;DF;Gençlerbirliği;26;1993;23;1478;64.0;17;9;1.13;2;0;0;10;14;0;37;14;12;0;0;2;2;0;0;0
Yasin Pehlivan;MF;Rizespor;31;1989;17;774;46.0;8;1;1.12;9;1;0;17;16;0;2;10;8;0;1;0;2;1;0;0
Mustafa Pektemek;FW.MF;Alanyaspor;31;1988;35;1197;34.0;11;2;1.34;1;0;0;17;19;7;5;5;17;0;7;0;39;18;0;0
Dimitris Pelkas;MF;Fenerbahçe;26;1993;32;2385;75.0;30;9;2.03;7;0;0;60;17;6;44;15;21;0;7;7;84;30;0;0
João Pereira;DF.MF;Trabzonspor;36;1984;8;512;64.0;6;2;1.63;4;1;1;11;14;1;18;1;9;0;0;1;0;0;0;0
Diego Perotti;MF;Fenerbahçe;32;1988;4;192;48.0;2;0;1.5;0;0;0;1;4;1;8;3;6;0;3;0;11;4;2;2
Tiago Pinto;DF.MF;Ankaragücü;32;1988;28;2266;81.0;25;20;0.86;6;0;0;24;32;2;48;58;38;0;0;4;5;0;0;0
Stiven Plaza;FW;Trabzonspor;21;1999;2;6;3.0;0;0;2.0;0;0;0;1;0;0;1;0;0;0;0;0;0;0;0;0
Lukas Podolski;FW.MF;Antalyaspor;35;1985;31;1865;60.0;20;12;1.03;5;1;1;21;15;6;31;1;6;0;4;2;42;15;0;0
Pierre-Yves Polomat;DF;Gençlerbirliği;26;1993;33;246;75.0;27;21;0.76;9;1;1;47;20;1;81;46;25;1;0;1;7;2;0;0
Carlos Ponck;DF;Başakşehir;25;1995;23;1774;77.0;20;14;1.22;3;0;0;23;5;0;0;18;12;1;0;1;10;1;0;0
Strahil Popov;DF;Hatayspor;29;1990;37;3224;87.0;37;32;1.54;2;2;1;32;11;2;138;49;30;0;0;3;16;4;0;0
Alper Potuk;MF;Ankaragücü;29;1991;24;1605;67.0;19;7;0.92;4;1;1;18;36;3;35;17;18;0;2;2;25;8;0;0
Rafael;DF;Başakşehir;30;1990;21;137;65.0;18;5;1.14;8;2;2;40;37;2;51;20;19;0;0;0;17;4;0;0
Amar Rahmanović;MF;Konyaspor;26;1994;18;778;43.0;9;3;1.33;5;0;0;24;25;0;9;7;4;0;0;4;16;4;0;0
Elba Rashani;MF;Erzurum BB;27;1993;12;500;42.0;4;0;1.08;2;0;0;12;11;1;29;4;9;0;3;0;10;4;0;0
Osama Rashid;MF;Gaziantep FK;28;1992;14;923;66.0;12;2;1.29;2;0;0;17;11;0;5;16;12;0;0;0;9;2;0;0
Loïc Rémy;FW;Rizespor;33;1987;19;1017;54.0;10;3;1.16;1;0;0;15;19;8;3;0;1;0;7;1;31;14;2;2
Rúben Tiago Rodrigues Ribeiro;MF;Hatayspor;32;1987;37;2877;78.0;32;22;1.41;11;2;2;64;87;0;22;55;55;0;1;1;22;3;0;0
Enzo Roco;DF;Fatih Karagümrük;27;1992;31;2737;88.0;30;28;1.61;8;2;1;33;30;1;2;40;32;0;3;1;11;4;0;0
Hugo Rodallega;FW;Denizlispor;35;1985;37;3268;88.0;37;31;0.76;11;1;1;71;54;11;16;7;12;0;14;3;107;43;2;3
Valentin Rosier;DF;Beşiktaş;23;1996;33;2915;88.0;33;31;2.15;8;0;0;57;24;2;115;67;43;0;1;6;14;4;0;0
Kemal Rüzgar;FW;Rizespor;25;1995;8;68;9.0;0;0;1.0;0;0;0;3;3;0;0;0;0;0;1;0;1;1;0;0
Besard Sabovic;MF;Kayserispor;22;1998;11;384;35.0;3;1;0.64;0;0;0;14;9;0;15;2;6;0;0;1;6;3;0;0
Isaac Sackey;MF.DF;Hatayspor;26;1994;28;1381;49.0;16;8;1.79;11;1;1;24;11;1;0;32;23;0;0;0;10;3;0;0
Hadi Sacko;MF.FW;Denizlispor;26;1994;27;1364;51.0;16;2;0.78;5;1;1;39;26;1;32;11;7;0;2;2;18;7;0;0
Armando Sadiku;FW;Erzurum BB;29;1991;5;104;21.0;1;0;0.2;2;1;1;5;2;0;1;0;1;0;0;0;4;3;0;0
Loret Sadiku;MF.DF;Kasımpaşa;29;1991;31;251;81.0;28;21;1.41;7;0;0;45;12;1;2;70;31;0;0;0;8;3;0;0
Ángelo Sagal;MF.FW;Denizlispor;27;1993;35;291;83.0;33;23;0.71;4;0;0;47;61;12;179;18;24;0;1;5;63;23;0;0
Murat Saglam;MF;Rizespor;22;1998;1;3;3.0;0;0;1.0;0;0;0;0;0;0;0;0;0;0;0;0;0;0;0;0
Olcay Şahan;MF;Yeni Malatyaspor;33;1987;12;366;31.0;4;0;1.33;2;0;0;7;7;2;10;4;8;0;0;0;4;1;0;0
Cenk Şahin;DF;Gaziantep FK;25;1994;26;550;21.0;1;0;1.42;1;0;0;9;15;0;42;5;8;0;1;4;12;5;0;0
Nuri Şahin;MF;Antalyaspor;31;1988;36;2877;80.0;33;22;1.19;6;0;0;52;17;0;56;57;40;0;0;4;9;6;0;0
Abdullah Sahindere;DF;Gençlerbirliği;18;2002;1;1;1.0;0;0;0.0;0;0;0;0;0;0;0;0;0;0;0;0;0;0;0;0
Yannis Salibur;MF.FW;Fatih Karagümrük;29;1991;22;805;37.0;8;2;1.27;2;0;0;16;18;4;21;4;9;0;0;0;29;9;0;0
Sidney Sam;MF;Antalyaspor;32;1988;25;1253;50.0;14;2;1.12;1;1;0;21;33;4;11;16;5;0;3;0;30;14;0;0
Mbwana Samatta;FW;Fenerbahçe;27;1992;27;1378;51.0;14;2;2.19;2;0;0;26;19;2;10;3;10;0;5;0;36;18;0;0
Braian Samudio;MF.FW;Rizespor;24;1995;37;2514;68.0;27;9;1.14;3;0;0;44;41;12;69;17;36;0;8;4;64;27;2;2
Pablo Santos;DF;Hatayspor;28;1992;36;3219;89.0;35;35;1.5;11;0;0;51;38;2;4;88;46;1;1;0;17;4;0;0
Cristian Săpunaru;DF;Kayserispor;36;1984;25;1919;77.0;20;18;1.2;3;2;1;12;19;0;0;31;16;0;0;0;8;4;0;0
Marcelo Saracchi;DF;Galatasaray;22;1998;27;2147;80.0;26;17;2.04;2;0;0;23;20;4;110;51;28;0;0;2;10;4;0;0
Veysel Sarı;DF;Antalyaspor;32;1988;30;2393;80.0;28;23;1.17;11;1;1;25;35;1;8;39;29;0;4;0;24;10;0;0
Yusuf Sari;MF;Trabzonspor;21;1998;26;715;28.0;5;0;1.77;4;0;0;7;21;1;41;4;8;0;1;1;18;10;0;0
Murat Sarıgül;DF;Fatih Karagümrük;19;2001;3;104;35.0;1;1;2.33;1;0;0;1;1;0;0;0;0;0;0;0;0;0;0;0
Mert Sarıkuş;FW;Denizlispor;19;2001;1;2;2.0;0;0;0.0;0;0;0;0;0;0;0;0;0;0;0;0;0;0;0;0
Zvonimir Šarlija;DF;Ankaragücü;23;1996;32;2803;88.0;31;28;1.03;15;0;0;40;51;0;6;62;32;0;1;0;12;6;0;0
Léo Schwechlen;DF;Erzurum BB;31;1989;27;243;90.0;27;27;1.15;3;0;0;39;38;0;47;49;46;1;1;2;10;4;0;0
Tarkan Serbest;DF.MF;Kasımpaşa;26;1994;20;134;67.0;15;12;1.45;6;0;0;16;8;0;11;20;9;0;0;0;4;2;0;0
Özgür Sert;MF;Erzurum BB;19;2001;3;97;32.0;0;0;1.0;0;0;0;0;3;0;0;1;1;0;1;1;3;1;0;0
Cemalil Sertel;DF;Başakşehir;20;2000;12;405;34.0;5;1;1.33;0;0;0;6;8;0;14;12;12;0;0;0;3;0;0;0
Levan Shengelia;MF;Konyaspor;24;1995;33;1532;46.0;18;4;1.09;1;0;0;16;20;8;47;14;13;0;5;3;37;9;0;0
Beykan Şimşek;MF;Göztepe;25;1995;6;122;20.0;1;0;1.0;0;0;0;2;1;0;1;1;2;0;1;0;3;1;0;0
Doğukan Sınık;MF;Antalyaspor;21;1999;21;919;44.0;9;2;1.24;2;0;0;25;12;0;18;16;9;0;1;0;18;6;0;0
Giovanni Sio;MF.FW;Gençlerbirliği;31;1989;22;1272;58.0;15;4;1.05;5;0;0;18;17;6;23;8;5;0;2;1;38;11;0;1
Emmanouil Siopis;MF;Alanyaspor;26;1994;35;2365;68.0;30;10;1.51;7;0;0;40;54;0;5;45;25;0;0;0;7;3;0;0
Ömer Şişmanoğlu;MF;Erzurum BB;30;1989;12;249;21.0;1;0;0.83;1;0;0;7;3;3;0;1;2;0;0;0;4;0;0;0
Ibrahim Sissoko;MF.FW;Erzurum BB;28;1991;13;510;39.0;6;1;0.69;0;0;0;6;9;1;8;1;2;0;1;1;6;3;0;0
Mario Šitum;MF;Kayserispor;28;1992;1;90;90.0;1;1;3.0;0;0;0;2;2;0;1;4;0;0;0;0;1;0;0;0
Guilherme Sityá;DF;Konyaspor;30;1990;36;3216;89.0;36;35;1.36;5;0;0;38;27;6;213;61;44;0;1;5;18;5;0;0
Milan Škoda;FW;Rizespor;34;1986;29;1855;64.0;21;7;1.17;4;1;1;35;26;11;5;2;2;0;9;2;52;23;4;4
Martin Škrtel;DF;Başakşehir;35;1984;10;816;82.0;10;8;1.2;3;0;0;9;9;1;0;16;7;0;0;1;8;0;0;0
Nejc Skubic;DF;Konyaspor;31;1989;39;3423;88.0;38;36;1.28;5;1;1;18;52;11;92;53;21;0;2;5;20;8;0;1
Artur Sobiech;FW;Fatih Karagümrük;30;1990;34;1957;58.0;24;5;1.59;5;0;0;39;26;8;5;5;8;0;9;1;28;15;0;0
Kubilay Sönmez;MF.DF;Göztepe;26;1994;19;668;35.0;6;1;1.68;2;0;0;8;10;0;0;7;11;0;0;0;1;0;0;0
José Sosa;MF;Fenerbahçe;35;1985;34;2105;62.0;23;14;2.06;3;0;0;30;37;1;112;39;38;0;4;3;31;13;3;4
André Sousa;MF;Gaziantep FK;30;1990;24;112;47.0;13;3;1.21;6;0;0;21;11;1;18;19;13;0;1;2;13;3;0;0
Claudemir de Souza;MF;Sivasspor;32;1988;30;1854;62.0;20;11;1.6;2;0;0;18;6;1;9;26;25;0;0;1;9;3;0;0
Josef de Souza;MF;Beşiktaş;31;1989;33;2878;87.0;32;30;2.06;7;1;0;31;41;0;12;66;48;0;2;3;42;7;0;0
Furkan Soyalp;MF;Gaziantep FK;25;1995;22;443;20.0;2;1;1.55;1;0;0;11;8;1;4;7;11;0;1;0;7;2;0;0
Srđan Spiridonović;FW.MF;Gençlerbirliği;26;1993;6;91;15.0;0;0;1.17;0;0;0;3;0;1;6;2;2;0;0;0;0;0;0;0
Bogdan Stancu;FW;Gençlerbirliği;33;1987;24;1602;67.0;18;7;0.96;1;0;0;15;17;9;10;3;1;0;7;2;27;11;0;1
Neven Subotić;DF;Denizlispor;31;1988;5;405;81.0;4;4;0.8;0;0;0;4;3;0;3;8;5;0;1;0;4;1;0;0
Burak Süleyman;FW;Göztepe;25;1994;5;77;15.0;0;0;0.4;0;0;0;0;3;0;2;0;0;0;0;0;1;0;0;0
Attila Szalai;DF;Fenerbahçe;22;1998;21;1833;87.0;21;19;2.05;1;0;0;12;12;0;12;31;16;0;3;0;16;4;0;0
Alexander Søderlund;FW;Rizespor;32;1987;12;535;45.0;6;1;1.0;0;0;0;13;7;4;1;0;1;0;1;0;13;8;0;0
Ravil Tagir;DF;Başakşehir;17;2003;7;290;41.0;3;2;1.29;0;0;0;0;0;0;0;3;1;0;0;0;0;0;0;0
Montassar Talbi;DF;Rizespor;22;1998;21;1802;86.0;20;20;1.29;3;0;0;25;6;0;1;39;25;0;1;0;15;2;0;0
Emre Taşdemir;DF;Galatasaray;24;1995;9;515;57.0;5;3;2.11;2;0;0;9;6;1;38;5;5;0;0;1;3;0;0;0
Efe Tatlı;MF;Fatih Karagümrük;18;2002;6;361;60.0;5;1;1.33;0;0;0;3;7;0;3;5;9;0;0;1;4;1;0;0
Adolphe Teikeu;DF;Erzurum BB;30;1990;18;1507;84.0;17;15;1.28;3;0;0;12;6;0;0;38;7;0;0;0;7;1;0;0
Mahmut Tekdemir;MF;Başakşehir;32;1988;31;1842;59.0;24;5;1.13;5;1;1;19;24;1;10;30;14;0;1;0;20;5;0;0
Benjamin Tetteh;FW.MF;Yeni Malatyaspor;23;1997;32;2519;79.0;27;19;0.97;7;0;0;59;46;26;38;7;20;0;5;4;56;21;0;0
Thuram;FW;Konyaspor;29;1991;1;3;3.0;0;0;1.0;0;0;0;0;1;1;0;0;0;0;0;0;0;0;0;0
Mickaël Tirpan;MF.DF;Kasımpaşa;26;1993;16;1182;74.0;13;9;1.19;3;0;0;33;13;0;14;28;19;0;1;0;13;3;0;0
Marcel Tisserand;DF;Fenerbahçe;27;1993;25;1938;78.0;22;21;2.0;3;0;0;23;15;1;4;30;13;0;1;1;11;6;0;0
Titi;DF;Göztepe;32;1988;20;1149;57.0;12;11;1.35;2;0;0;13;15;0;3;19;14;0;1;1;6;2;0;0
Dorukhan Toköz;MF.DF;Beşiktaş;24;1996;31;1297;42.0;13;6;2.13;7;1;0;37;25;1;7;35;28;0;0;3;6;1;0;0
Mehmet Topal;MF.DF;Başakşehir;34;1986;25;133;53.0;13;9;1.36;2;1;1;17;12;2;5;24;25;0;2;2;12;4;0;0
Jetmir Topalli;MF;Yeni Malatyaspor;22;1998;13;175;13.0;1;0;0.85;3;0;0;9;4;0;1;2;1;0;1;0;12;4;0;0
Gökhan Töre;FW.MF;Beşiktaş;28;1992;20;644;32.0;5;1;2.2;1;0;0;13;8;12;24;2;4;0;3;1;19;8;0;0
Tunay Torun;MF.FW;Rizespor;30;1990;17;926;54.0;10;1;1.0;3;0;0;17;16;9;51;7;6;0;2;0;12;4;0;0
Alin Toșca;DF;Gaziantep FK;28;1992;32;2873;90.0;32;31;1.56;4;0;0;15;25;0;4;40;19;0;0;0;5;1;0;0
Duško Tošić;DF;Kasımpaşa;35;1985;10;722;72.0;8;7;0.8;3;0;0;10;8;0;4;21;11;0;0;0;5;1;0;0
Cenk Tosun;FW;Beşiktaş;29;1991;3;174;58.0;2;0;3.0;0;0;0;3;2;0;0;1;1;0;3;1;10;6;0;0
Zargo Touré;DF;Gençlerbirliği;30;1989;23;199;87.0;22;20;0.83;3;0;0;6;6;0;4;47;14;0;0;0;6;0;0;0
Adama Traoré;MF;Hatayspor;25;1995;35;2302;66.0;29;6;1.66;3;0;0;22;73;2;49;25;10;0;0;6;19;4;0;0
Zlatko Tripić;MF;Göztepe;27;1992;31;151;49.0;19;1;1.32;1;0;0;17;24;11;76;13;12;0;3;2;25;8;0;0
Ozan Tufan;MF;Fenerbahçe;25;1995;37;2704;73.0;32;18;2.11;4;0;0;32;67;1;44;39;34;0;6;8;61;20;1;1
Arda Turan;MF;Galatasaray;33;1987;32;1618;51.0;21;1;2.09;7;0;0;35;28;9;44;12;17;0;4;2;22;9;0;0
Atila Turan;DF;Ankaragücü;28;1992;26;1777;68.0;20;13;1.08;5;0;0;22;15;1;101;49;19;0;0;1;11;5;0;0
Hüseyin Türkmen;DF;Trabzonspor;22;1998;11;944;86.0;11;8;1.64;0;0;0;9;9;0;5;19;10;0;0;1;3;0;0;0
Veton Tusha;MF.FW;Denizlispor;17;2002;11;338;31.0;4;0;0.55;0;0;0;5;5;0;3;1;4;0;2;0;7;4;0;0
Georgios Tzavellas;DF;Alanyaspor;32;1987;35;3053;87.0;34;32;1.54;11;1;0;20;40;0;33;46;17;1;2;1;18;6;0;0
Salih Uçan;MF;Alanyaspor;26;1994;35;2425;69.0;29;8;1.43;10;0;0;54;35;3;149;30;45;0;2;6;54;17;0;0
Murat Uçar;DF;Erzurum BB;28;1991;30;2169;72.0;25;22;1.13;9;1;0;39;36;5;87;47;23;0;0;1;4;1;0;0
Uğur Uçar;DF;Başakşehir;33;1987;10;409;41.0;4;0;1.4;1;0;0;7;2;1;22;6;4;0;0;0;1;0;0;0
Alper Uludağ;MF.DF;Konyaspor;29;1990;6;243;41.0;3;0;1.0;4;0;0;4;4;2;4;4;2;0;0;1;2;1;0;0
Atakan Üner;MF;Beşiktaş;21;1999;3;65;22.0;1;0;2.0;0;0;0;1;0;0;1;0;0;0;0;0;0;0;0;0
Furkan Uslu;MF;Denizlispor;17;2002;1;4;4.0;0;0;0.0;0;0;0;0;0;0;0;0;0;0;0;0;0;0;0;0
Necip Uysal;DF.MF;Beşiktaş;29;1991;29;1493;51.0;16;8;2.21;4;0;0;34;25;3;31;23;34;0;1;2;6;2;0;0
Anthony Uzodimma;MF;Kayserispor;21;1999;2;152;76.0;2;1;1.5;0;0;0;0;3;0;1;0;2;0;0;0;1;0;0;0
Muhammed Uzun;FW;Alanyaspor;15;2005;1;1;1.0;0;0;3.0;0;0;0;0;0;0;0;0;0;0;0;0;0;0;0;0
Ömer Uzun;FW;Kayserispor;20;2000;2;104;52.0;1;0;1.5;0;0;0;1;1;1;1;0;1;0;0;0;2;0;0;0
Enner Valencia;MF.FW;Fenerbahçe;30;1989;34;2466;73.0;29;10;2.24;7;0;0;63;59;14;74;23;31;0;12;4;72;25;3;4
Federico Varela;MF;Denizlispor;24;1996;7;272;39.0;3;1;0.86;0;0;0;2;4;1;13;1;2;0;0;0;2;0;0;0
Kevin Varga;MF.FW;Kasımpaşa;24;1996;37;2154;58.0;23;7;1.14;4;0;0;22;16;7;56;27;16;0;4;4;36;15;0;0
Domagoj Vida;DF;Beşiktaş;31;1989;34;3019;89.0;34;32;2.12;5;0;0;41;23;0;5;70;17;0;5;0;16;5;0;0
Edin Višća;MF;Başakşehir;30;1990;26;2067;80.0;23;15;1.5;2;0;0;13;22;3;152;18;12;0;5;8;46;16;1;3
Idriz Voca;MF;Ankaragücü;23;1997;26;1312;50.0;13;4;1.0;3;0;0;24;19;0;5;22;17;0;0;0;9;3;0;0
Güray Vural;MF.DF;Gaziantep FK;32;1988;33;2147;65.0;25;12;1.42;5;0;0;15;10;4;163;32;15;0;0;5;29;12;0;0
Wallace;DF;Yeni Malatyaspor;25;1994;28;2449;87.0;27;26;1.07;3;0;0;19;9;0;5;46;17;0;0;0;8;1;0;0
Welinton;DF;Beşiktaş;31;1989;35;2992;85.0;34;32;2.06;9;0;0;61;41;2;12;59;51;0;1;2;24;4;0;0
Güven Yalçın;FW;Beşiktaş;21;1999;13;285;22.0;3;0;2.08;1;0;0;6;8;0;7;1;0;0;1;0;12;2;0;0
Robin Yalçın;DF.MF;Sivasspor;26;1994;34;2604;77.0;30;24;1.56;8;0;0;31;21;1;29;44;36;0;1;1;11;7;1;1
Mert Yandaş;MF;Fenerbahçe;25;1994;34;168;49.0;19;4;2.18;6;0;0;33;25;7;58;17;16;0;4;1;43;19;0;0
Ahmed Yasin Ghani;MF;Denizlispor;29;1991;7;309;44.0;3;1;1.0;0;0;0;9;5;1;8;2;2;0;0;0;3;0;0;0
Karahan Yasir Subaşı;DF;Kayserispor;24;1996;13;645;50.0;7;4;1.31;2;0;0;9;7;0;18;8;15;0;0;1;2;1;0;0
Mustapha Yatabaré;FW.MF;Sivasspor;34;1986;32;2217;69.0;27;9;1.47;6;0;0;49;32;22;35;12;24;0;10;2;48;22;0;0
Zeki Yavru;MF.DF;Yeni Malatyaspor;28;1991;32;2005;63.0;23;9;1.25;3;0;0;30;21;0;100;46;33;0;2;1;17;5;0;0
DeAndre Yedlin;DF;Galatasaray;27;1993;11;668;61.0;9;5;2.27;3;1;1;15;6;2;24;11;12;0;1;0;2;1;0;0
Hakan Yeşil;MF;Trabzonspor;18;2002;1;1;1.0;0;0;3.0;0;0;0;0;0;0;0;1;0;0;0;0;0;0;0;0
Erdoğan Yeşilyurt;MF;Sivasspor;26;1993;29;1916;66.0;23;7;1.79;7;1;0;18;26;5;99;18;12;0;3;5;45;16;0;0
Fatih Yiğit Şanlitürk;MF;Fenerbahçe;17;2003;2;18;9.0;0;0;3.0;0;0;0;2;0;0;0;0;0;0;0;0;0;0;0;0
Emre Yıldırım;DF;Denizlispor;18;2002;1;90;90.0;1;1;0.0;0;0;0;2;0;0;0;1;1;0;0;0;0;0;0;0
Murat Yıldırım;MF;Gençlerbirliği;33;1987;30;15;50.0;16;1;0.83;6;0;0;24;21;2;19;15;22;0;1;4;10;2;0;0
Zeki Yıldırım;MF;Fatih Karagümrük;29;1991;5;58;12.0;0;0;1.2;0;0;0;0;2;0;2;2;1;0;0;0;1;1;0;0
Berk Yıldız;FW.MF;Yeni Malatyaspor;24;1996;2;55;28.0;0;0;0.5;0;0;0;0;2;0;1;0;1;0;0;0;1;0;0;0
Ahmet Yılmaz Çalık;DF;Konyaspor;26;1994;29;2417;83.0;27;26;1.41;6;0;0;22;30;2;1;61;20;0;1;1;12;5;0;0
Kartal Yılmaz;MF;Beşiktaş;19;2000;1;9;9.0;0;0;3.0;0;0;0;0;0;0;0;0;0;0;0;0;0;0;0;0
Mert Yilmaz;DF.MF;Antalyaspor;21;1999;11;774;70.0;10;5;0.36;1;0;0;6;2;1;7;9;10;0;0;1;2;1;0;0
Oğuz Yılmaz;DF;Denizlispor;27;1993;18;1279;71.0;15;12;0.61;4;0;0;7;19;1;1;28;9;0;1;0;6;3;0;0
Rıdvan Yılmaz;DF;Beşiktaş;19;2001;18;1147;64.0;13;11;2.06;1;0;0;14;12;0;31;19;8;0;1;2;8;1;0;0
Sefa Yılmaz;MF;Gençlerbirliği;30;1990;35;2113;60.0;24;3;0.97;7;0;0;40;30;8;24;22;21;0;4;3;38;22;0;0
İsmail Yüksek;MF;Fenerbahçe;21;1999;1;13;13.0;0;0;3.0;0;0;0;0;1;0;0;1;1;0;0;0;1;0;0;0
Mustafa Yumlu;DF;Denizlispor;32;1987;27;2154;80.0;26;23;0.93;4;0;0;23;22;1;1;44;21;1;0;0;16;6;0;0
Ulaş Zengin;DF;Gaziantep FK;23;1997;2;111;56.0;1;1;1.5;0;0;0;2;0;0;0;1;0;0;0;0;0;0;0;0
Ervin Zukanović;DF;Fatih Karagümrük;33;1987;17;147;86.0;17;15;1.59;5;1;1;18;9;0;4;23;5;0;3;1;14;4;0;0
Peter Žulj;MF;Göztepe;27;1993;16;704;44.0;8;0;1.38;1;0;0;22;8;0;13;6;9;0;4;0;23;11;1;1
Fernando Zuqui;MF;Yeni Malatyaspor;28;1991;11;204;19.0;1;0;1.27;2;0;0;2;4;0;1;1;3;0;0;0;5;2;0;0
Damjan Đoković;MF;Rizespor;30;1990;19;1656;87.0;19;15;1.05;5;0;0;9;13;0;20;13;10;0;2;0;23;8;0;0
Daniel Łukasik;MF;Ankaragücü;29;1991;23;1496;65.0;17;8;0.87;2;0;0;17;30;1;14;11;19;0;2;0;15;3;0;0
Aatif Chahechouhe;MF.FW;Erzurum BB.Fatih Karagümrük;34;1986;29;1845;63.62;20;10;1.24;3;0;0;35;33;1;30;10;26;0;4;1;55;18;2;3
Adis Jahović;FW;Antalyaspor.Göztepe;33;1987;34;2039;59.97;22;6;1.38;2;1;0;38;25;13;5;12;8;0;7;2;38;16;0;0
Ahmet Oğuz;DF;Kasımpaşa.Sivasspor;27;1993;24;94;3.92;19;11;1.79;3;0;0;33;33;0;28;41;39;1;0;5;5;0;0;0
Ali Yavuz Kol;MF.DF;Denizlispor.Galatasaray;19;2001;12;340;28.33;4;0;0.84;5;1;1;12;3;0;10;4;3;0;0;0;7;2;0;0
Amedej Vetrih;MF;Gaziantep FK.Rizespor;29;1990;29;1921;66.24;22;8;1.58;8;0;0;50;19;1;5;34;45;1;1;0;7;3;0;0
Anastasios Bakasetas;MF.FW;Alanyaspor.Trabzonspor;27;1993;38;1758;46.26;36;21;1.82;8;0;0;50;66;1;182;18;31;0;13;4;110;48;4;5
Barış Yardımcı;DF;Konyaspor.Sivasspor;27;1992;10;715;71.5;8;4;0.8;2;0;0;7;11;0;17;7;8;0;0;0;2;1;0;0
Berat Özdemir;MF;Gençlerbirliği.Trabzonspor;22;1998;28;2104;75.14;24;16;1.61;2;1;0;24;38;1;12;48;35;0;3;0;20;7;0;0
Bilal Başaçıkoğlu;FW.MF;Gaziantep FK.Trabzonspor;25;1995;18;354;19.67;2;0;1.22;1;0;0;13;7;0;18;5;6;0;0;0;8;2;0;0
Brahim Darri;FW.MF;Erzurum BB.Fatih Karagümrük;25;1994;10;368;36.8;4;1;1.2;0;0;0;6;5;1;5;4;3;0;0;1;9;3;0;0
Deniz Turuc;MF;Başakşehir.Fenerbahçe;27;1993;34;2432;71.53;28;13;1.38;5;0;0;33;41;4;211;19;23;0;2;2;34;12;0;0
Erik Sabo;MF;Fatih Karagümrük.Rizespor;28;1991;30;2147;71.57;25;13;1.53;5;1;1;29;35;6;11;18;13;0;7;2;40;17;3;5
Fousseni Diabaté;MF;Göztepe.Trabzonspor;24;1995;24;1254;52.25;15;1;1.2;3;0;0;15;21;0;14;12;15;0;2;3;10;2;0;0
Gastón Campi;DF;Fatih Karagümrük.Trabzonspor;29;1991;18;1545;85.83;16;14;1.22;4;0;0;17;2;0;0;39;11;0;1;2;9;3;0;0
Guilherme;MF;Göztepe.Trabzonspor;29;1991;12;813;67.75;9;2;1.17;1;0;0;24;19;3;34;4;7;0;2;1;13;4;1;1
Hasan Ayaroğlu;FW.MF;Alanyaspor.Denizlispor;25;1995;20;673;33.65;6;3;0.65;2;0;0;13;16;0;20;9;10;0;0;1;5;3;0;0
Hasan Hüseyin Acar;MF;Alanyaspor.Kayserispor;25;1994;14;784;56.0;9;3;1.07;1;0;0;7;9;0;33;5;6;0;0;0;16;4;0;0
Jeremain Lens;MF;Beşiktaş.Fatih Karagümrük;32;1987;18;669;37.17;7;2;1.5;3;0;0;20;14;5;26;3;3;0;4;1;11;6;1;1
Jesse Sekidika;MF;Galatasaray.Konyaspor;24;1996;25;1624;64.96;18;6;1.6;2;0;0;14;24;4;41;17;26;0;2;1;32;19;0;0
Jimmy Durmaz;MF.DF;Fatih Karagümrük.Galatasaray;31;1989;30;1446;48.2;15;4;1.43;2;1;0;20;21;4;53;19;16;0;3;3;28;11;0;0
Kemal Ademi;FW;Fenerbahçe.Karagümrük;24;1996;13;453;34.85;5;0;1.38;1;0;0;14;3;3;0;1;1;0;0;1;11;2;0;0
Kubilay Aktaş;MF.DF;Denizlispor.Gaziantep FK;25;1995;19;1200;63.16;11;4;1.16;5;0;0;18;11;0;1;26;18;0;0;0;4;2;0;0
Nazim Sangaré;DF;Antalyaspor.Fenerbahçe;26;1994;20;1676;83.8;19;15;2.2;2;0;0;19;37;0;31;48;31;0;1;1;8;1;0;0
Ramazan Civelek;DF.MF;Fatih Karagümrük.Kayserispor;24;1996;34;1508;44.35;14;8;1.2;1;0;0;10;25;0;46;29;23;0;0;3;5;1;0;0
Tolga Ciğerci;MF;Başakşehir.Fenerbahçe;28;1992;18;1108;61.56;12;9;1.78;3;0;0;15;21;2;8;19;12;0;1;0;18;3;0;0
Tyler Boyd;MF;Beşiktaş.Sivasspor;25;1994;18;1041;57.83;12;1;1.89;2;0;0;33;14;1;26;11;6;0;6;0;19;12;0;0
Uğur Demirok;DF;Kayserispor.Konyaspor;32;1988;25;1690;67.6;18;15;1.4;5;0;0;12;13;1;1;19;14;0;6;0;17;6;4;4
Yaw Ackah;MF;Erzurum BB.Kayserispor;21;1999;13;532;40.92;7;3;1.08;5;1;1;16;5;0;0;8;10;0;0;0;2;1;0;0
Youssouf Ndayishimiye;MF.DF;Başakşehir.Yeni Malatyaspor;21;1998;33;2170;65.76;22;18;1.27;1;0;0;39;24;1;14;35;41;0;2;0;20;7;0;0
Zakarya Bergdich;DF;Denizlispor.Erzurum BB;31;1989;23;534;23.22;18;15;0.7;8;0;0;27;9;4;33;27;25;0;0;1;2;0;0;0
Ömer Ali Şahiner;MF.FW;Başakşehir.Konyaspor;28;1992;28;2098;74.93;24;13;1.18;3;0;0;22;12;13;89;12;18;0;2;1;11;4;0;0
İbrahim Akdağ;MF;Ankaragücü.Erzurum BB;29;1991;30;1368;45.6;28;15;1.0;7;0;0;54;55;0;38;37;40;0;2;1;22;8;2;2
İlhan Parlak;FW.MF;Ankaragücü.Kayserispor;33;1987;38;1959;51.55;20;5;0.97;4;1;1;26;41;7;22;15;11;0;9;2;45;19;0;0
İrfan Kahveci;MF;Başakşehir.Fenerbahçe;25;1995;30;2149;71.63;26;13;1.53;8;2;2;33;33;3;79;19;24;0;2;3;53;12;0;0
